TIME,30.0463,30.3998,30.7617,31.1323,31.512,31.901,32.2998,32.7087,33.128,33.5582,33.9998,34.4531,34.9187,35.397,35.8887,36.3941,36.9141,37.449,37.9998,38.5669,39.1513,39.7536,40.3748,41.0156,41.6772,42.3604,43.0664,43.7963,44.5515,45.3331,46.1426,46.9815,47.8516,48.7544,49.692,50.6664,51.6797,52.7344,53.833,54.9784,56.1736,57.4219,58.7269,60.0927,61.5234,63.024,64.5996,66.256,67.9996,69.8374,71.7773,73.8281,75.9995,78.3026,80.7495,83.3543,86.1328,89.1029,92.2852,95.7031,99.384,103.359,107.666,112.347,117.454,123.047,129.199,135.999,143.555,151.999,161.499,172.266,184.57,198.768,215.332,234.908,258.398,287.109,322.998,369.141,430.664
0.000000000,0.449881,0.439691,0.231296,0.0302328,0.00460759,0.000461768,0.00082207,0.00148844,0.0060011,0.0103443,0.00775244,0.00501304,0.00117253,0.000152738,9.28659e-05,0.000432704,0.0377134,0.279795,0.708374,0.267847,0.0332379,0.00405063,0.00015018,0.000116405,0.000159161,0.00100497,0.00360409,0.0221388,0.00468192,0.000918081,0.000305184,0.000216692,0.000202408,0.0340189,0.373577,0.919939,0.251213,0.0243554,0.00657063,0.00104913,0.000154544,0.000432404,0.0013586,0.00366245,0.00382984,0.00221845,0.00189824,0.000378667,0.000420996,8.58487e-05,0.0399227,0.562747,0.568569,0.295744,0.024505,0.00150993,0.000140529,2.65417e-06,0.000402354,0.0056486,0.00456351,0.00275476,0.00300097,0.000253046,2.90301e-05,3.73193e-05,0.000942302,0.0165402,0.428891,0.73981,0.302601,0.0109764,0.0026129,0.00055836,6.9606e-05,0.000169003,0.000641959,0.00295543,0.00271512,0.000884551,9.11193e-05
1.486077098,0.475692,0.473922,0.252399,0.0335003,0.00460759,0.000461768,0.00082207,0.00150881,0.00685291,0.0282521,0.025264,0.00501304,0.00117854,0.000401219,9.46856e-05,0.000558319,0.0402013,0.30323,0.743311,0.278476,0.0344343,0.00447625,0.000214769,0.00013838,0.00117176,0.00269113,0.00447103,0.0338274,0.00478343,0.00120162,0.00065018,0.000298803,0.00257805,0.0403734,0.385388,0.945023,0.261935,0.0251127,0.00661184,0.00107711,0.000156907,0.000438029,0.00137444,0.0179157,0.0242894,0.00291616,0.00190338,0.000382757,0.000429437,9.76569e-05,0.039984,0.577024,0.593569,0.306617,0.026852,0.0025028,0.000321748,9.60741e-05,0.000710159,0.00623883,0.004804,0.00327494,0.00353721,0.00104388,0.000180585,5.04243e-05,0.00139216,0.0184671,0.431858,0.742844,0.30302,0.0118029,0.00306465,0.000612492,0.000162024,0.00107243,0.00201316,0.00738317,0.00777308,0.000962546,0.000131468
2.972154195,0.500865,0.581464,0.331196,0.0375899,0.00460759,0.000461768,0.00082207,0.00150881,0.0069672,0.029253,0.0253619,0.00514246,0.00131782,0.000437841,9.46856e-05,0.00114362,0.0404689,0.326445,0.836407,0.294925,0.0345234,0.00447625,0.000214769,0.00013838,0.00117176,0.00301428,0.00528338,0.0343165,0.00514937,0.00179377,0.000876525,0.000298803,0.00423305,0.0420268,0.419023,0.983202,0.270219,0.0251127,0.00661184,0.00107711,0.000156907,0.000438029,0.00137958,0.0181361,0.0246115,0.00292198,0.00214776,0.00053183,0.000429437,0.000123979,0.041073,0.656292,0.714292,0.356496,0.026852,0.0025028,0.000321748,9.60741e-05,0.000710159,0.00647076,0.00545059,0.00372219,0.00379986,0.00154085,0.000387591,5.04243e-05,0.00258007,0.0199793,0.477757,0.831285,0.336841,0.0118029,0.00306465,0.000612492,0.000162024,0.00107243,0.00201316,0.00738317,0.00777308,0.00097011,0.000142926
4.458231293,0.635824,0.771868,0.398357,0.0375899,0.00460759,0.000461768,0.00082207,0.00150881,0.00853351,0.0318863,0.0265011,0.00514246,0.00131782,0.000437841,9.46856e-05,0.00114362,0.041053,0.374681,0.982619,0.336781,0.0345234,0.00447625,0.000214769,0.00013838,0.00117176,0.0032634,0.00711343,0.0363634,0.00514937,0.00179377,0.000876525,0.000298803,0.00423305,0.0441598,0.486076,1.23679,0.394093,0.0306198,0.00661184,0.00107711,0.000156907,0.000438029,0.00171945,0.0191512,0.0264025,0.00292198,0.00214776,0.00053183,0.000429437,0.000123979,0.0438303,0.730155,0.798156,0.410959,0.0287667,0.0025028,0.000321748,9.60741e-05,0.000832731,0.0086733,0.0065776,0.00423962,0.00379986,0.00154085,0.000387591,5.04243e-05,0.00258007,0.0217034,0.538099,0.912935,0.379248,0.0131333,0.00306465,0.000612492,0.000162024,0.00107243,0.00210376,0.0093676,0.00808534,0.00097011,0.000142926
5.944308390,0.659497,0.903444,0.443674,0.0384436,0.00460759,0.000461768,0.00082207,0.00150881,0.00860043,0.035707,0.027827,0.00556953,0.00131782,0.000437841,9.46856e-05,0.00114362,0.041053,0.40707,1.10619,0.37978,0.0347531,0.00447625,0.000214769,0.00013838,0.00117176,0.0032634,0.00714916,0.0377651,0.00660866,0.00179377,0.000876525,0.000298803,0.00423305,0.0441598,0.547309,1.32994,0.451024,0.0306198,0.00661184,0.00107711,0.000156907,0.000438029,0.00171945,0.0191554,0.0265945,0.00408512,0.00214776,0.00053183,0.000429437,0.000123979,0.0438303,0.832625,0.947987,0.489641,0.0287667,0.0025028,0.000321748,9.60741e-05,0.000832731,0.0086733,0.00659306,0.00487751,0.00563213,0.00154085,0.000387591,5.04243e-05,0.00258007,0.0217034,0.600829,1.07348,0.450921,0.0131333,0.00306465,0.000612492,0.000162024,0.00107243,0.00228035,0.0098733,0.00886862,0.00127773,0.000142926
7.430385488,0.702737,1.0631,0.502728,0.0395467,0.00460759,0.000461768,0.00082207,0.00150881,0.00860043,0.0424445,0.0381421,0.00556953,0.00131782,0.000437841,9.46856e-05,0.00114362,0.041053,0.422712,1.18331,0.404942,0.0347531,0.00447625,0.000214769,0.00013838,0.00117176,0.00358494,0.0229154,0.0461701,0.00660866,0.00179377,0.000876525,0.000298803,0.00423305,0.0459452,0.629621,1.48144,0.538002,0.0325268,0.00661184,0.00107711,0.000156907,0.000438029,0.00220268,0.038383,0.0315046,0.00408512,0.00214776,0.00053183,0.000429437,0.000123979,0.0441937,0.85844,1.01176,0.54037,0.0298514,0.0025028,0.000321748,9.60741e-05,0.000832731,0.00874812,0.0096119,0.00580325,0.00563213,0.00154085,0.000387591,5.04243e-05,0.00258007,0.0219172,0.644479,1.14462,0.481483,0.0133991,0.00306465,0.000612492,0.000162024,0.00107514,0.00253761,0.015776,0.00958912,0.00127773,0.000142926
8.916462585,0.713001,1.13475,0.585875,0.0446949,0.00460759,0.000461768,0.00082207,0.00150881,0.00860043,0.0454443,0.0573283,0.00793336,0.0013272,0.000437841,9.46856e-05,0.00114362,0.041053,0.4282,1.21331,0.43503,0.040159,0.00447625,0.000214769,0.00013838,0.00117176,0.00358494,0.0269851,0.0612976,0.00775997,0.00179377,0.000876525,0.000298803,0.00423305,0.0459452,0.642222,1.54257,0.589888,0.0348567,0.00661184,0.00107711,0.000156907,0.000438029,0.00220268,0.0475546,0.0558503,0.00582125,0.00214776,0.00053183,0.000429437,0.000123979,0.0441937,0.870909,1.08074,0.612568,0.0357845,0.0025028,0.000321748,9.60741e-05,0.000832731,0.00874812,0.0167769,0.0260155,0.00644086,0.00154085,0.000387591,5.04243e-05,0.00258007,0.0219172,0.659114,1.18781,0.517929,0.0133991,0.00306465,0.000612492,0.000162024,0.00107514,0.00253761,0.0361835,0.0311295,0.00128697,0.000142926
10.402539683,0.794754,1.23472,0.613029,0.0446949,0.00460759,0.000461768,0.00082207,0.00150881,0.00865249,0.0455811,0.0573283,0.00793336,0.0013272,0.000437841,9.46856e-05,0.00114362,0.0465722,0.494433,1.31154,0.444056,0.040159,0.00447625,0.000214769,0.00013838,0.00117176,0.00358494,0.0269851,0.0612976,0.00775997,0.00179377,0.000876525,0.000298803,0.00423305,0.0511224,0.686494,1.65624,0.614303,0.0356734,0.00661184,0.00107711,0.000156907,0.000438029,0.00220268,0.0475546,0.0558503,0.00582125,0.00214776,0.00053183,0.000429437,0.000123979,0.0456992,0.8954,1.17366,0.645766,0.0379011,0.0025028,0.000321748,9.60741e-05,0.000832731,0.00874812,0.0167769,0.0260155,0.00644086,0.00154085,0.000387591,5.04243e-05,0.00258007,0.0248517,0.696907,1.29544,0.537382,0.0149545,0.00306465,0.000612492,0.000162024,0.00107514,0.00253761,0.0361835,0.0311295,0.00128697,0.000142926
11.888616780,0.856908,1.27558,0.619245,0.0446949,0.00460759,0.000461768,0.00082207,0.00150881,0.00873417,0.0526882,0.060181,0.00794788,0.0013272,0.000437841,9.46856e-05,0.00114362,0.0503543,0.540939,1.37376,0.450974,0.040159,0.00447625,0.000214769,0.00013838,0.00117176,0.00363207,0.0283623,0.0625648,0.00775997,0.00179377,0.000876525,0.000298803,0.00423305,0.0698917,0.833587,1.83765,0.638569,0.0356734,0.00661184,0.00107711,0.000156907,0.000438029,0.00220268,0.0498317,0.0574622,0.00582125,0.00214776,0.00053183,0.000429437,0.000123979,0.0487102,0.988268,1.24509,0.674613,0.0379011,0.0025028,0.000321748,9.60741e-05,0.000832731,0.00874812,0.0184641,0.027031,0.00644086,0.00154085,0.000387591,5.04243e-05,0.00258007,0.0259598,0.738259,1.38022,0.602882,0.0149545,0.00306465,0.000612492,0.000162024,0.00107514,0.00253761,0.0370488,0.0314841,0.00128697,0.000142926
13.374693878,0.858956,1.29764,0.638224,0.0455151,0.00454952,0.000311555,0.000526386,0.00150881,0.00874619,0.0532584,0.0614506,0.00799899,0.0013272,0.000285103,1.81974e-06,0.00112333,0.0503204,0.542684,1.38009,0.47918,0.0439904,0.00438487,9.32458e-05,7.5537e-05,0.00117176,0.00363207,0.0290395,0.0650318,0.0080707,0.00179377,0.00072573,8.21109e-05,0.00417446,0.0698583,0.834608,1.84893,0.664707,0.0393994,0.00653495,0.000871883,1.99785e-05,0.000437966,0.00231641,0.0512039,0.0630298,0.00737474,0.00229744,0.000428542,1.83749e-05,3.81306e-05,0.0496741,0.994935,1.26531,0.685758,0.0386945,0.00247012,0.00019951,9.34199e-05,0.00083262,0.00894186,0.0205352,0.0313775,0.00727697,0.00154531,0.000387067,4.9368e-05,0.00257951,0.0260039,0.746151,1.41278,0.610222,0.0155466,0.00306439,0.000611102,0.000160724,0.00107463,0.00277538,0.0389398,0.0327815,0.00129044,0.000142926
14.860770975,0.788098,1.17995,0.533473,0.0447547,0.00454952,0.000311555,0.000526386,0.00151413,0.00785288,0.0530722,0.0625518,0.00799899,0.0013272,0.000285103,1.81974e-06,0.00112333,0.0525236,0.516224,1.00898,0.355127,0.0365793,0.00438487,9.32458e-05,7.5537e-05,0.00117176,0.00455623,0.0307917,0.0656919,0.0080707,0.00179377,0.00072573,8.21109e-05,0.00417446,0.0704538,0.793745,1.66295,0.527164,0.0287619,0.00653495,0.000871883,1.99785e-05,0.000437966,0.00339437,0.053618,0.0642275,0.00737474,0.00229744,0.000428542,1.83749e-05,3.81306e-05,0.0497058,0.842843,1.11607,0.549829,0.0281019,0.00247012,0.00019951,9.34199e-05,0.00083262,0.00915726,0.0212283,0.0343755,0.00727697,0.00154531,0.000387067,4.9368e-05,0.00257951,0.0260039,0.542739,1.12585,0.544081,0.0155466,0.00306439,0.000611102,0.000160724,0.00107463,0.00283158,0.0404791,0.035588,0.00145107,0.000142926
16.346848073,0.746913,1.20339,0.608948,0.109571,0.010186,0.000311555,0.000526386,0.00128066,0.00507598,0.0519899,0.0654605,0.00953316,0.00144944,0.000285103,1.81974e-06,0.00112333,0.0503998,0.503191,0.985065,0.344064,0.0408917,0.00472742,9.32458e-05,7.5537e-05,0.00117176,0.00446168,0.0356349,0.0717824,0.0103573,0.00179377,0.00072573,8.21109e-05,0.00417446,0.0672509,0.748313,1.5371,0.571048,0.0335275,0.00653495,0.000871883,1.99785e-05,0.000437966,0.00286236,0.0569284,0.0678984,0.00816524,0.00229744,0.000428542,1.83749e-05,3.81306e-05,0.0423154,0.773257,1.17115,0.548097,0.0300638,0.00247012,0.00019951,9.34199e-05,0.000530162,0.00641165,0.0246215,0.0374535,0.0053672,0.0015242,0.000387067,4.9368e-05,0.00257951,0.0228712,0.503927,1.07621,0.452397,0.0128143,0.00306439,0.000611102,0.000160724,0.00107463,0.00321025,0.0426175,0.0377083,0.0015773,0.000142926
17.832925170,0.800792,1.25763,0.587328,0.0969906,0.00901961,0.000311555,0.00051953,0.000474175,0.00517372,0.0555859,0.0702145,0.00928661,0.00141497,0.000285103,1.81974e-06,0.0015076,0.03584,0.481433,1.00181,0.37923,0.0505367,0.00366792,8.60304e-05,7.5537e-05,0.00110026,0.00604702,0.0413584,0.0845262,0.0101845,0.00155694,0.000667316,8.21109e-05,0.0041696,0.0653765,0.703299,1.53564,0.685878,0.132699,0.00586407,0.000871883,1.99785e-05,0.000550428,0.00260214,0.0616408,0.0718947,0.00811124,0.00229744,0.000428542,1.83749e-05,3.81306e-05,0.0419859,0.752139,1.22514,0.6571,0.0743805,0.00120847,0.000182428,9.34199e-05,0.000430377,0.00467496,0.0223783,0.0364998,0.00516405,0.0015242,0.000387067,4.9368e-05,0.00257951,0.0208079,0.511514,1.16911,0.552017,0.0189674,0.00306439,0.000611102,0.000160724,0.00107463,0.00304417,0.0419362,0.0371605,0.00154668,0.000142926
19.319002268,0.892672,1.27986,0.576479,0.0907054,0.00901961,0.000311555,0.00051953,0.000442804,0.0050684,0.0662998,0.0762902,0.0109798,0.00120888,0.000285103,1.81974e-06,0.00125175,0.0329196,0.489636,0.99937,0.350565,0.0373763,0.00180747,8.60304e-05,7.5537e-05,0.00108323,0.00587254,0.0448706,0.0878313,0.00942046,0.00111401,0.000571341,8.21109e-05,0.0127404,0.120685,0.751318,1.56878,0.709307,0.134881,0.00430965,0.000642994,1.99785e-05,0.000550428,0.00347969,0.0675734,0.0731158,0.00694535,0.00190206,0.000348958,8.44096e-06,3.81306e-05,0.0556462,0.780391,1.28681,0.662024,0.0710558,0.0010624,0.000181219,9.34199e-05,0.00245248,0.00907805,0.0274517,0.0382288,0.00508056,0.00129226,0.000358561,1.3105e-05,0.00163777,0.0214786,0.527042,1.18983,0.552533,0.0148648,0.00045175,5.41319e-05,9.2418e-05,0.000906133,0.00992542,0.0491109,0.0382445,0.00116732,5.18065e-05
20.805079365,0.810581,1.18582,0.5998,0.107134,0.00901961,0.000311555,0.00051953,0.000442804,0.0050684,0.0664602,0.0766187,0.0111269,0.00123177,0.000285103,1.81974e-06,0.00128391,0.0330453,0.462992,0.906379,0.379593,0.0407915,0.00180747,8.60304e-05,7.5537e-05,0.00108323,0.00587254,0.047919,0.10057,0.00952501,0.00111401,0.000571341,8.21109e-05,0.0127404,0.117338,0.714399,1.42124,0.710801,0.133475,0.00430965,0.000642994,1.99785e-05,0.000550428,0.00347969,0.0741214,0.0802267,0.0103618,0.00190206,0.000348958,8.44096e-06,3.81306e-05,0.0543276,0.758618,1.19988,0.660787,0.0740084,0.0010624,0.000181219,9.34199e-05,0.00245248,0.00951471,0.0298944,0.040656,0.00584684,0.00129823,0.000358561,1.3105e-05,0.00163777,0.0207315,0.502863,1.08768,0.599302,0.0157501,0.00045175,5.41319e-05,9.2418e-05,0.000906133,0.0100864,0.0500145,0.0397432,0.00126691,5.18065e-05
22.291156463,0.682553,1.1389,0.584631,0.107134,0.00901961,0.000311555,0.00051953,0.000442804,0.00505894,0.0788484,0.0827456,0.0116585,0.00123177,0.000285103,1.81974e-06,0.00128391,0.0305962,0.415195,0.853803,0.378841,0.0417149,0.00180747,8.60304e-05,7.5537e-05,0.00110932,0.00725112,0.0500761,0.104015,0.010359,0.00111401,0.000571341,8.21109e-05,0.0127404,0.118382,0.654842,1.25551,0.69853,0.133784,0.00430965,0.000642994,1.99785e-05,0.000550428,0.00353607,0.0800467,0.0847997,0.011075,0.00190206,0.000348958,8.44096e-06,3.81306e-05,0.0411545,0.660933,1.06657,0.607764,0.0731095,0.0010624,0.000181219,9.34199e-05,0.00245248,0.00950215,0.0308811,0.0440047,0.0074599,0.00129823,0.000358561,1.3105e-05,0.00175508,0.0219862,0.454578,1.03452,0.589379,0.0136158,0.00045175,5.41319e-05,9.2418e-05,0.000906133,0.0105031,0.0542877,0.0457192,0.00126691,5.18065e-05
23.777233560,0.743074,1.20111,0.622968,0.131747,0.00622014,0,0,2.56863e-05,0.00519131,0.0773504,0.07828,0.00921984,0.000651389,0.000285103,1.81974e-06,0.00128391,0.0283781,0.432736,0.873567,0.373522,0.0385027,0.00122386,6.45883e-05,2.19755e-05,0.00103869,0.00725112,0.0537385,0.0905396,0.00733965,0.000875693,0.000571341,8.21109e-05,0.0127404,0.112789,0.622214,1.25844,0.823566,0.198785,4.12086e-05,2.79848e-05,2.36247e-06,0.000131175,0.00347804,0.0830965,0.0868241,0.0104376,0.000399201,0.000153163,8.44096e-06,3.81306e-05,0.031072,0.580477,1.12962,0.699688,0.105964,0.00099287,0.000181219,9.34199e-05,0.00245248,0.0104726,0.0323896,0.0445909,0.00843379,0.00131672,0.000358561,1.3105e-05,0.00175508,0.027177,0.450222,1.01983,0.58141,0.0169035,0.000505743,5.41319e-05,9.2418e-05,0.000906133,0.0127852,0.055351,0.0460679,0.00126691,5.18065e-05
25.263310658,0.719175,1.16839,0.602765,0.128665,0.00622137,5.12304e-06,0,3.98835e-05,0.00693456,0.062785,0.0611551,0.00932394,0.000645383,0.000204537,1.38873e-05,0.00158999,0.0442199,0.434371,0.845498,0.363847,0.0373849,0.000798239,2.25873e-07,0,2.6093e-05,0.00557089,0.0543814,0.0803418,0.00730115,0.000592154,0.000226345,2.83699e-05,0.019777,0.161038,0.663277,1.24015,0.813853,0.198028,0,0,0,0.00012555,0.00407923,0.0717624,0.0674826,0.0097399,0.000394059,0.000149073,0,2.63224e-05,0.0505231,0.594695,1.11907,0.691285,0.103617,0,0,0,0.00214468,0.0101887,0.0337765,0.0440792,0.00789755,0.000525884,0.000207006,0,0.00130521,0.0336772,0.47293,1.04996,0.585428,0.016077,5.39921e-05,0,0,2.7058e-06,0.014495,0.054766,0.0415674,0.00118891,1.14582e-05
26.749387755,0.70381,1.0758,0.531443,0.1248,0.00622137,5.12304e-06,0,3.98835e-05,0.00682887,0.0627232,0.0620868,0.00925177,0.000506104,0.000167914,1.38873e-05,0.0010047,0.0439524,0.411205,0.752662,0.348775,0.0378673,0.000875596,2.47464e-05,2.37848e-05,2.6093e-05,0.0053724,0.0551026,0.0807996,0.00716062,6.40636e-05,0.00038095,0.000109859,0.018122,0.159451,0.63064,1.20565,0.809324,0.198837,4.14491e-05,0,1.81248e-06,0.00012555,0.00418233,0.072082,0.0690312,0.0103427,0.000229473,0.000138189,7.03974e-05,1.4978e-05,0.0494346,0.515719,0.999383,0.642428,0.103714,2.1408e-05,3.26539e-07,1.69685e-06,0.0021459,0.0099861,0.0336988,0.0466858,0.00820091,3.15396e-05,9.90934e-06,2.4492e-05,0.000117616,0.0321682,0.428022,0.975899,0.559518,0.0171254,7.00211e-05,8.55005e-06,4.01002e-06,6.88998e-06,0.014552,0.0551851,0.0424748,0.00120744,2.1909e-05
28.235464853,0.575431,0.90423,0.477698,0.1248,0.00622137,9.23385e-05,0.00123766,0.000395839,0.00584373,0.0621712,0.0655483,0.0100377,0.000506104,0.000167914,1.38873e-05,0.00108666,0.0451578,0.383441,0.626326,0.308267,0.0378673,0.000875596,2.47464e-05,2.37848e-05,2.6093e-05,0.00517228,0.0539964,0.0793347,0.00726372,6.40636e-05,0.00038095,0.000109859,0.018122,0.157552,0.571057,0.969441,0.698077,0.19333,4.14491e-05,0,0.000132837,0.000252643,0.00390399,0.0711266,0.0675188,0.0106129,0.000229473,0.000138189,7.03974e-05,1.4978e-05,0.0498108,0.48813,0.970721,0.599168,0.101799,2.1408e-05,3.26539e-07,1.69685e-06,0.00203302,0.00778357,0.03265,0.0462827,0.00826311,3.15396e-05,9.90934e-06,2.56687e-05,0.000119634,0.0304447,0.368041,0.894616,0.517115,0.015795,7.00211e-05,8.55005e-06,4.1954e-06,1.70644e-05,0.0144698,0.0532102,0.04217,0.0012299,2.90141e-05
29.721541950,0.557501,0.805662,0.544843,0.224034,0.0128548,0.000223999,0.00124093,0.000395839,0.00577681,0.0583529,0.0642523,0.00961141,0.000506104,0.000181394,1.38873e-05,0.00108666,0.0451578,0.352206,0.540874,0.326879,0.0523883,0.00119329,2.47464e-05,2.37848e-05,2.6093e-05,0.00517228,0.0552954,0.0817313,0.00723347,0.000153612,0.00038095,0.000109859,0.018122,0.157552,0.521645,0.957867,0.803252,0.237797,0.000900838,0,0.000132837,0.000252643,0.00390399,0.0757765,0.0869133,0.0142309,0.000229473,0.000138189,7.03974e-05,1.4978e-05,0.050779,0.440936,1.01725,0.560151,0.104438,6.26372e-05,3.26539e-07,1.69685e-06,0.00203302,0.00778357,0.0372443,0.0485146,0.00708995,4.31618e-05,9.90934e-06,2.56687e-05,0.000119634,0.0315182,0.36016,0.840509,0.610144,0.0250284,7.00211e-05,8.55005e-06,4.1954e-06,1.70644e-05,0.0142932,0.0548255,0.0518185,0.00106661,2.90141e-05
31.207619048,0.608931,0.681947,0.491884,0.222965,0.0128567,0.000223999,0.00124093,0.000470839,0.0064768,0.052638,0.0539842,0.00961141,0.000506104,0.000181394,1.38873e-05,0.00135059,0.0488577,0.356749,0.476167,0.303551,0.0524613,0.0012968,6.1927e-05,2.37848e-05,2.6093e-05,0.00485075,0.0395528,0.0733348,0.00723347,0.00015468,0.000382821,0.000109859,0.0235307,0.201676,0.484402,0.820508,0.720444,0.236125,0.000928922,1.82391e-06,0.000132837,0.000252643,0.00348237,0.0567565,0.0821763,0.0142309,0.000229473,0.000138189,7.03974e-05,1.4978e-05,0.0524927,0.431369,0.988674,0.54612,0.113216,0.000132448,3.26539e-07,1.69685e-06,0.00203302,0.00772626,0.0344964,0.0483166,0.00758233,4.31618e-05,9.90934e-06,2.56687e-05,0.000119634,0.0356868,0.329127,0.783492,0.585599,0.0257122,9.65654e-05,2.48893e-05,4.1954e-06,1.43586e-05,0.0140425,0.0496258,0.0517849,0.00122259,2.90141e-05
32.693696145,0.599219,0.612314,0.439333,0.248801,0.0169329,0.00025324,0.00124093,0.000470839,0.00647848,0.0496953,0.0351519,0.00752255,0.000519646,0.000181394,4.08882e-05,0.00143693,0.0489143,0.352524,0.455011,0.298112,0.0526172,0.00171491,6.1927e-05,2.37848e-05,2.6093e-05,0.00485236,0.0355112,0.0582919,0.00697876,0.00196048,0.000491311,0.000233041,0.0235469,0.201719,0.472794,0.778945,0.741224,0.262424,0.00215505,1.82391e-06,0.000132837,0.000252643,0.00348237,0.0475851,0.0578322,0.0124955,0.000229541,0.000138189,7.13654e-05,4.93041e-05,0.0530818,0.427385,0.988731,0.500281,0.111342,0.000276192,3.26539e-07,1.69685e-06,0.00203302,0.00773081,0.0273659,0.0281059,0.0067736,4.31618e-05,2.98147e-05,0.000183738,0.000336129,0.0373518,0.31899,0.757037,0.58919,0.0300848,0.00049355,4.52423e-05,4.1954e-06,1.43586e-05,0.0140425,0.0292183,0.0302445,0.00121336,2.90141e-05
34.179773243,0.596727,0.536545,0.413995,0.248801,0.0169329,0.00025324,0.00131961,0.00251735,0.0074505,0.0496518,0.0351519,0.00752255,0.000519646,0.000181394,4.08882e-05,0.00196468,0.053991,0.307848,0.362512,0.289188,0.0529684,0.00182465,6.1927e-05,2.37848e-05,0.000474244,0.00528746,0.0357673,0.0584459,0.00701179,0.00196048,0.000491311,0.000233041,0.0279726,0.227242,0.462587,0.676807,0.719078,0.261702,0.00216158,1.82391e-06,0.00049596,0.00252103,0.00458247,0.0477359,0.0583379,0.013864,0.000610161,0.000138189,7.13654e-05,4.93041e-05,0.0517778,0.404173,0.913705,0.487121,0.114048,0.000276192,3.26539e-07,1.69685e-06,0.00203302,0.00782084,0.0275575,0.028401,0.00711614,6.58294e-05,2.98147e-05,0.000183738,0.000336129,0.0361148,0.288779,0.66605,0.577806,0.029343,0.00049355,4.52423e-05,4.1954e-06,0.000153039,0.0144397,0.029628,0.0312516,0.00197847,2.90141e-05
35.665850340,0.541091,0.508165,0.442518,0.281779,0.0217212,0.00025324,0.00131961,0.00251735,0.00766482,0.0437076,0.0334872,0.00758645,0.000519646,0.000181394,4.08882e-05,0.00227779,0.0509721,0.273435,0.313006,0.308798,0.0632647,0.00211693,6.1927e-05,2.37848e-05,0.000480949,0.0054219,0.0346617,0.0572086,0.00701179,0.00196048,0.000491311,0.000255163,0.0285394,0.20854,0.323041,0.543731,0.74337,0.268493,0.00216158,1.82391e-06,0.00049596,0.00252103,0.00462066,0.0455368,0.0567584,0.013864,0.000610161,0.000138189,7.13654e-05,0.00017532,0.0512999,0.340713,0.933397,0.48711,0.115478,0.000276192,3.26539e-07,1.69685e-06,0.00206396,0.00804736,0.0261576,0.0274182,0.00711614,6.58294e-05,2.98147e-05,0.000285855,0.00093432,0.0354121,0.258429,0.613663,0.525831,0.0309957,0.000533094,4.52423e-05,4.1954e-06,0.000153039,0.0144397,0.0288058,0.0309439,0.0019918,3.11041e-05
37.151927438,0.588165,0.524062,0.423069,0.280891,0.0219021,0.000260127,0.00135973,0.00262055,0.00846638,0.0446043,0.032296,0.00753534,0.000519646,0.000181394,4.08882e-05,0.00278194,0.0574383,0.287629,0.306092,0.278946,0.0592057,0.00221285,6.1927e-05,2.37848e-05,0.0014824,0.00899814,0.0384209,0.0592457,0.00722154,0.001974,0.000491311,0.000255163,0.0366492,0.244264,0.349971,0.535613,0.746498,0.291084,0.00316683,1.82391e-06,0.00049596,0.00262941,0.0056781,0.047312,0.0536789,0.0124988,0.000460486,0.000138189,7.13654e-05,0.00017532,0.0503131,0.33423,0.929811,0.518964,0.130867,0.000337402,3.26539e-07,1.69685e-06,0.00209993,0.00829881,0.0251129,0.0232151,0.00628608,6.13734e-05,2.98147e-05,0.000285855,0.00093432,0.0353661,0.255929,0.63572,0.569476,0.0329894,0.000533094,4.52423e-05,4.1954e-06,0.000732344,0.0164849,0.0287748,0.0297807,0.00198813,3.11041e-05
38.638004535,0.551571,0.509461,0.421873,0.280942,0.0219805,0.000338036,0.00137821,0.00261524,0.00744706,0.0416762,0.030796,0.00845888,0.00420604,0.00499859,0.00116622,0.00282498,0.0552547,0.260647,0.295993,0.276591,0.0596173,0.00267053,0.000199774,2.74763e-05,0.00148768,0.00754979,0.0344052,0.0580141,0.00722979,0.00197667,0.000497812,0.000255163,0.0366492,0.243668,0.336493,0.525004,0.745144,0.295723,0.0155564,0.004224,0.000781433,0.00263076,0.00599152,0.0498867,0.0550127,0.0133373,0.00236766,0.00119846,0.00104646,0.000423076,0.0502814,0.322311,0.921224,0.514248,0.130935,0.000395646,8.46924e-05,3.87032e-05,0.00211568,0.00821105,0.0245003,0.0204613,0.00635987,7.28698e-05,3.37497e-05,0.000339754,0.00111656,0.0355429,0.248131,0.622283,0.563967,0.0329894,0.000533094,4.52423e-05,4.1954e-06,0.000732344,0.0164287,0.0299055,0.0340837,0.00369505,3.11041e-05
40.124081633,0.544488,0.448377,0.338839,0.216126,0.0163511,0.000402276,0.00159543,0.00274091,0.00747272,0.0400392,0.0270704,0.00680423,0.00416644,0.00503589,0.00131426,0.00346203,0.0555031,0.239712,0.255917,0.253925,0.0551296,0.00240422,0.000507575,0.00269702,0.00423276,0.00868915,0.0292028,0.0510465,0.00490436,0.00197738,0.000559682,0.00102773,0.0377337,0.244002,0.319214,0.435794,0.682274,0.290899,0.0155793,0.00425928,0.00101154,0.0028148,0.00604002,0.0447338,0.0492793,0.0123429,0.00236869,0.00119854,0.00109776,0.00048622,0.049366,0.291515,0.805532,0.47834,0.128797,0.000476217,0.000302601,0.000492471,0.00240844,0.00790093,0.0209881,0.017384,0.00604841,0.000112923,4.8757e-05,0.000392355,0.00113286,0.0351918,0.239843,0.592532,0.548743,0.0321937,0.00053405,4.87035e-05,4.68521e-06,0.000784782,0.015963,0.0260024,0.0307388,0.00329781,0.000249619
41.610158730,0.48837,0.385452,0.33422,0.220782,0.0209334,0.000802771,0.00169682,0.00308816,0.00667894,0.0349038,0.0219378,0.00689862,0.00416644,0.00506592,0.00156226,0.00322247,0.0515136,0.223153,0.235863,0.221418,0.0450624,0.0024294,0.000507575,0.00269702,0.00424084,0.00734729,0.0246088,0.0389055,0.00574772,0.00198328,0.00088595,0.00110413,0.0377337,0.243215,0.315619,0.406069,0.563744,0.190816,0.0156271,0.00439917,0.00146316,0.00283107,0.00567722,0.0385065,0.044777,0.0133036,0.00238246,0.00138025,0.00131944,0.000542702,0.0491589,0.286123,0.754389,0.404059,0.0855908,0.000499792,0.000395148,0.000599951,0.00242702,0.00757013,0.020523,0.0176668,0.00619067,0.000112923,0.000356581,0.00148477,0.00116405,0.0351949,0.204297,0.466485,0.444063,0.0261086,0.000758385,0.00121764,0.000926604,0.000861036,0.0159712,0.0262189,0.0316003,0.00348714,0.000257486
43.096235828,0.390199,0.350839,0.311252,0.217024,0.0209334,0.000802771,0.00169682,0.00308816,0.0067231,0.0245405,0.0155185,0.00325245,0.00381698,0.00506592,0.00159776,0.00344264,0.0503389,0.206025,0.223949,0.207096,0.0417834,0.0148583,0.00715348,0.00354386,0.00424084,0.00749998,0.0216837,0.0351607,0.00508199,0.00198362,0.00088595,0.00148977,0.0291142,0.183728,0.257342,0.369916,0.530403,0.191946,0.0175911,0.0064742,0.00195122,0.00284102,0.00469197,0.032515,0.0433842,0.0131797,0.00238258,0.0014354,0.00205016,0.000709504,0.034594,0.265735,0.681798,0.376698,0.0834689,0.00225963,0.00448396,0.00147408,0.000462244,0.00484428,0.0152749,0.0154827,0.00629879,0.000296427,0.000586718,0.00185141,0.00240117,0.0316322,0.190648,0.449068,0.444784,0.0274793,0.00241343,0.00121764,0.000926604,0.000862241,0.00890851,0.0190736,0.0303184,0.00352967,0.000260586
44.582312925,0.37544,0.339858,0.28738,0.201372,0.0211251,0.00173678,0.00208302,0.00442896,0.00777537,0.0263572,0.0162883,0.00338891,0.00379409,0.00600469,0.0085302,0.0158793,0.0487673,0.202287,0.205951,0.160975,0.0384879,0.0148583,0.00785037,0.00669505,0.0045649,0.00752301,0.0189356,0.0228031,0.00506716,0.00198362,0.000967098,0.00200288,0.0308426,0.185217,0.255552,0.333109,0.496126,0.191806,0.0175911,0.0064742,0.0022217,0.00302563,0.00521263,0.0269772,0.0383455,0.0119851,0.00244997,0.00252838,0.00570179,0.0018226,0.0349777,0.258649,0.664997,0.372624,0.0803861,0.00240033,0.0051057,0.00147557,0.000462244,0.00440762,0.0133394,0.0161104,0.00610285,0.000316071,0.000846545,0.00302108,0.00249894,0.0311181,0.180855,0.404675,0.389905,0.0280084,0.00482389,0.00205849,0.0010057,0.000862241,0.0087639,0.0184181,0.0294184,0.0035332,0.000260586
46.068390023,0.332508,0.300615,0.290146,0.202714,0.0211251,0.00173678,0.00208302,0.00442896,0.00784137,0.014476,0.011714,0.0033951,0.00396578,0.00600469,0.0085302,0.0158793,0.0424693,0.153107,0.188762,0.168282,0.0378475,0.0148583,0.00785037,0.00669505,0.00453881,0.00714748,0.0261661,0.0277202,0.00452123,0.00200006,0.000967098,0.00200288,0.0308426,0.17018,0.247841,0.349172,0.502577,0.192207,0.0175911,0.0064742,0.0022217,0.00302563,0.00541171,0.0250042,0.038165,0.0133919,0.00244997,0.00252838,0.00570179,0.0018226,0.0347142,0.255072,0.659679,0.368919,0.0784855,0.00240033,0.0051057,0.00147557,0.000462244,0.00451696,0.0143912,0.0145204,0.00480636,0.000316071,0.000846545,0.00302108,0.00238163,0.0248472,0.17601,0.400364,0.391162,0.0280084,0.00482389,0.00205849,0.0010057,0.000862241,0.0114296,0.0209622,0.0345417,0.00366617,0.000260586
47.554467120,0.284082,0.266096,0.272225,0.171371,0.0205415,0.00173678,0.00208302,0.00442896,0.00727041,0.01403,0.0124909,0.00360534,0.00396578,0.00600469,0.0085302,0.0158793,0.0430338,0.12894,0.151741,0.148493,0.0377691,0.014832,0.00785037,0.00669505,0.00453881,0.00714748,0.0227391,0.0217587,0.00459984,0.00200006,0.000967098,0.00200288,0.0308426,0.170041,0.246018,0.314295,0.388984,0.120391,0.0175911,0.0064742,0.0022217,0.00302563,0.00666221,0.0245598,0.0389235,0.0151466,0.00244997,0.00252838,0.00570179,0.0018226,0.029683,0.21872,0.553675,0.274565,0.0470429,0.00240033,0.0051057,0.00147557,0.000471802,0.00370152,0.0129964,0.0141327,0.00414749,0.000365931,0.000846545,0.00302108,0.00238163,0.0192817,0.144137,0.324072,0.316065,0.0238844,0.00476989,0.00205849,0.0010057,0.000960352,0.00944728,0.0206292,0.0358497,0.00487815,0.000260586
49.040544218,0.293641,0.277318,0.277379,0.171186,0.0205402,0.00195318,0.00224069,0.00449263,0.00478762,0.0109208,0.0123302,0.00375447,0.00396578,0.00583677,0.00851631,0.0154476,0.0258915,0.123902,0.162392,0.150067,0.0376906,0.0148443,0.00789773,0.00669505,0.00498982,0.00801464,0.021468,0.0203053,0.00453684,0.00200006,0.000967098,0.00197451,0.0214546,0.116416,0.205641,0.322931,0.391434,0.120391,0.0175911,0.00678424,0.00231901,0.00304549,0.00615818,0.0217716,0.0378055,0.0151466,0.00244997,0.00252838,0.00570179,0.0018226,0.0111133,0.223683,0.591571,0.295747,0.0470429,0.00240033,0.00511936,0.0015311,0.000471802,0.00339514,0.011369,0.0141242,0.00414749,0.000365931,0.000846545,0.00302108,0.00238163,0.0114487,0.131821,0.311546,0.317606,0.0246836,0.00476989,0.00205849,0.0010057,0.000960352,0.0063663,0.0167865,0.0352923,0.00487815,0.000260586
50.526621315,0.28388,0.265597,0.271973,0.171723,0.0206912,0.00195846,0.00228502,0.0046212,0.004942,0.0108128,0.0145968,0.00409378,0.00408808,0.00591012,0.00854045,0.0154476,0.0258937,0.125477,0.171376,0.15683,0.0376311,0.0149759,0.00791186,0.00670447,0.00506737,0.00791235,0.0201237,0.0203831,0.00502488,0.00196541,0.000677266,0.00198248,0.0214553,0.116351,0.207952,0.326202,0.38968,0.120217,0.0179929,0.0067878,0.00232719,0.00308253,0.00607402,0.0213548,0.0366947,0.0150067,0.00250579,0.00244468,0.00563139,0.00180836,0.0111882,0.225491,0.59338,0.295917,0.0471554,0.00239209,0.00512039,0.00152941,0.000552123,0.00371632,0.0112377,0.0114419,0.00385049,0.000385946,0.000856326,0.00299805,0.00238132,0.0115516,0.131733,0.302476,0.315835,0.0237436,0.00475862,0.00208584,0.00114362,0.0010352,0.00645722,0.0164563,0.0345422,0.00512538,0.000240771
52.012698413,0.280792,0.251633,0.275293,0.188087,0.0229669,0.00187124,0.00105697,0.00427883,0.00532765,0.010292,0.0110029,0.00415087,0.00464833,0.00665004,0.00882933,0.015798,0.0252868,0.110691,0.156432,0.156313,0.0376311,0.0149759,0.00791186,0.00670447,0.00506737,0.00916589,0.0254122,0.0244598,0.00579189,0.00214044,0.000713398,0.00212651,0.0214771,0.116784,0.206948,0.319,0.385919,0.121289,0.0180469,0.0067878,0.00219617,0.00295544,0.0060915,0.0224492,0.0378034,0.0171793,0.00298072,0.00247784,0.00563552,0.0022885,0.00888034,0.180707,0.541847,0.295753,0.0567935,0.00419727,0.00512039,0.00173589,0.00160542,0.00523859,0.0139253,0.0119341,0.00387019,0.000487184,0.000923768,0.00303375,0.00275385,0.0124149,0.134249,0.305467,0.316235,0.0237492,0.00476796,0.00208584,0.00119081,0.00128573,0.00756776,0.0204066,0.0375719,0.00531825,0.00027432
53.498775510,0.276998,0.219864,0.16302,0.0881286,0.016361,0.00193169,0.0011534,0.00474328,0.00603061,0.0159295,0.0128418,0.00430201,0.00472666,0.00667263,0.00950439,0.0202794,0.0312946,0.113691,0.122806,0.0951933,0.0228869,0.0154466,0.00807869,0.00674011,0.00538579,0.0110019,0.0280882,0.0221023,0.00455843,0.00280716,0.00129812,0.00212651,0.0237058,0.13186,0.200611,0.240084,0.224035,0.076841,0.0171875,0.0067878,0.00270656,0.0065935,0.00887164,0.0202585,0.0191053,0.0149103,0.00348075,0.0024875,0.0062117,0.00696398,0.0175032,0.127612,0.348433,0.256579,0.054182,0.00415755,0.00512039,0.00176548,0.00178594,0.00527109,0.00972939,0.0121445,0.0189802,0.00597207,0.00171557,0.0032662,0.00481092,0.0175511,0.0808876,0.200733,0.156235,0.0240699,0.0061495,0.00209499,0.00119081,0.00128573,0.00756776,0.0211584,0.0286611,0.00536083,0.00027432
54.984852608,0.183454,0.187696,0.15853,0.0886078,0.0168478,0.00214336,0.00124143,0.00473948,0.00558421,0.0159921,0.0143591,0.00496863,0.00505114,0.00687252,0.00973679,0.0200576,0.0276593,0.0941066,0.112326,0.0944695,0.0235525,0.0158208,0.00805732,0.00674265,0.00541853,0.0113841,0.0305749,0.0242767,0.00511313,0.00295579,0.00143078,0.00253392,0.0184549,0.086002,0.156698,0.228334,0.221053,0.0769503,0.0174936,0.00710606,0.00294637,0.00662487,0.00947147,0.0230228,0.020871,0.0152707,0.0036403,0.00262808,0.00633432,0.00708305,0.0155455,0.113381,0.315984,0.220555,0.0447194,0.00452181,0.00554514,0.00213212,0.00189671,0.00565075,0.0110541,0.0129859,0.0188599,0.00639004,0.00199281,0.00342437,0.00488201,0.0133286,0.0700961,0.191848,0.152134,0.0232207,0.00619597,0.00216299,0.00200635,0.00138668,0.00777659,0.0225315,0.0305372,0.00562571,0.00040024
56.470929705,0.1831,0.18688,0.129628,0.058048,0.0128398,0.00214536,0.00131001,0.0048669,0.00563075,0.0162881,0.0150917,0.00522255,0.00508942,0.00703845,0.00979267,0.0203246,0.028401,0.0932826,0.104372,0.0721528,0.0190085,0.0154859,0.00816866,0.00692571,0.00567678,0.0117541,0.0311294,0.0245962,0.00423577,0.00115071,0.00133058,0.00247938,0.0187658,0.0863215,0.155911,0.210095,0.149596,0.0485244,0.0163046,0.00720677,0.00299413,0.0067886,0.00972087,0.0238956,0.0217891,0.015422,0.00364461,0.00263076,0.00644305,0.00742168,0.0152859,0.105192,0.249392,0.196396,0.0412664,0.00442964,0.00564619,0.00220479,0.00209664,0.00593657,0.0114453,0.0134553,0.0189689,0.00639004,0.00197672,0.00331665,0.0048959,0.0119541,0.0662824,0.17716,0.112752,0.018876,0.00582102,0.00221449,0.00205937,0.00150326,0.00805484,0.0228807,0.0307764,0.00572426,0.000499095
57.957006803,0.107599,0.166856,0.128861,0.0582207,0.0128569,0.00214613,0.00123562,0.00283042,0.0050576,0.0180553,0.0167734,0.00535467,0.00521465,0.00705053,0.00980142,0.0198027,0.0184993,0.0732001,0.0998893,0.0724399,0.0188706,0.0169287,0.00933229,0.00716996,0.00523717,0.0119129,0.0321515,0.0253314,0.00435194,0.00126541,0.0015282,0.00251402,0.0143462,0.055981,0.124801,0.201151,0.149526,0.0490316,0.0163825,0.00722033,0.00263238,0.00457002,0.00930463,0.0257401,0.0227095,0.0143522,0.00352358,0.00279095,0.00644305,0.0075237,0.0161084,0.105801,0.235147,0.179332,0.0367404,0.0044852,0.00567903,0.00220855,0.0022558,0.00659727,0.0123441,0.0139318,0.0192099,0.0065314,0.00217058,0.00333051,0.00493172,0.0105216,0.0594895,0.162309,0.10632,0.018336,0.00584702,0.00221788,0.00216785,0.00149705,0.00824181,0.0240546,0.0307942,0.00524912,0.000766171
59.443083900,0.101139,0.155577,0.0961002,0.0257932,0.00813958,0.00219281,0.00138175,0.00292652,0.00491255,0.0179668,0.0176902,0.00685206,0.00539462,0.00719946,0.0100006,0.0196636,0.017821,0.0613512,0.0885426,0.048931,0.0105048,0.0167001,0.00940409,0.00718663,0.00526621,0.0117544,0.0335403,0.0284592,0.00589225,0.00136944,0.00191865,0.00288008,0.0138939,0.0559381,0.117641,0.156547,0.105615,0.0425714,0.0165794,0.00756372,0.0030854,0.00491775,0.0092733,0.0265135,0.0233349,0.0146057,0.00360815,0.00402523,0.00985394,0.0101828,0.0136034,0.0765856,0.145715,0.151399,0.0355711,0.00451638,0.00602515,0.00280848,0.00242314,0.00662457,0.01276,0.0147197,0.0193501,0.00653407,0.00290195,0.0044471,0.00492209,0.0103063,0.0489158,0.130899,0.0938279,0.0167759,0.00592618,0.0032554,0.00263155,0.00153222,0.00843745,0.0254131,0.0318008,0.00563681,0.000778525
60.929160998,0.0520488,0.116913,0.0959911,0.0266805,0.0125164,0.00564941,0.00176501,0.00289422,0.00424368,0.0166856,0.017816,0.00696972,0.00582669,0.00725439,0.0100038,0.0192325,0.011594,0.0454507,0.0887041,0.0500112,0.0108309,0.0167587,0.00961073,0.0073539,0.00427319,0.00822442,0.0296167,0.0243227,0.00567959,0.00167487,0.00201288,0.00288057,0.00580002,0.0212143,0.0920089,0.154714,0.0764691,0.0158285,0.0155821,0.00756569,0.0031086,0.0049436,0.00825141,0.0236117,0.0209678,0.0144793,0.00392328,0.00426002,0.00985442,0.010194,0.0137199,0.0769686,0.130131,0.109015,0.0194156,0.00445519,0.00604025,0.00283702,0.0024217,0.00623843,0.0118645,0.0148729,0.0196685,0.00661774,0.00296225,0.00445145,0.00492369,0.0109097,0.0457232,0.0803273,0.0455564,0.0142104,0.00592644,0.00325563,0.00305198,0.0015431,0.00619092,0.0235961,0.0326159,0.006361,0.000872001
62.415238095,0.0523875,0.119058,0.0975103,0.0268854,0.012438,0.0055976,0.00202296,0.00323713,0.00431801,0.0172025,0.0181304,0.00611609,0.00216484,0.00249839,0.00940833,0.0199373,0.0122135,0.0466198,0.0893759,0.0503429,0.0105325,0.0163028,0.00947289,0.00743555,0.00442182,0.00838046,0.0299185,0.0244599,0.00569739,0.00167287,0.0025253,0.00670451,0.00754081,0.0214965,0.0921015,0.155234,0.0768522,0.0113992,0.00356069,0.00380174,0.00311736,0.00511015,0.00690261,0.0186834,0.0180964,0.0137003,0.00203885,0.00337166,0.00953738,0.0104336,0.0139411,0.0773356,0.130342,0.109193,0.0195009,0.00453687,0.00661372,0.00328242,0.00253283,0.0061615,0.0118819,0.0147339,0.0197451,0.00665943,0.00325135,0.00554953,0.00532167,0.0110712,0.0453877,0.0805107,0.0457966,0.0146927,0.00642657,0.00343607,0.00317122,0.00155807,0.00625028,0.0210238,0.025622,0.00455111,0.000942042
63.901315193,0.0534689,0.124567,0.100366,0.0270196,0.0130037,0.00617815,0.0019934,0.00312779,0.0050154,0.0197482,0.0214134,0.00696615,0.00226265,0.00278456,0.00926029,0.0193002,0.0124853,0.0508397,0.106471,0.0654508,0.0104966,0.0162379,0.00916508,0.0047689,0.00170863,0.00844126,0.0340885,0.0251058,0.00583378,0.00208922,0.00274326,0.00593195,0.0064564,0.0212189,0.0952945,0.163413,0.0810068,0.0113904,0.00359656,0.00382137,0.00288726,0.00492611,0.00762874,0.0197547,0.0190904,0.0139857,0.00240257,0.00431941,0.00948609,0.0103705,0.0143433,0.0811273,0.143943,0.114054,0.0194351,0.0044563,0.00639582,0.00282865,0.00226875,0.00600761,0.0118328,0.0147694,0.0196646,0.0071026,0.00342987,0.00549693,0.0053106,0.011155,0.0482639,0.0859228,0.0484467,0.0147028,0.00643899,0.00345418,0.00320032,0.00160091,0.00631342,0.0216112,0.0264162,0.00465442,0.000787161
65.387392290,0.0615065,0.124981,0.0925191,0.0223638,0.00854305,0.00601105,0.00218002,0.00293421,0.00595022,0.020625,0.0222251,0.00695952,0.00245234,0.003074,0.00909611,0.0190059,0.0127468,0.0528565,0.0970347,0.0570863,0.00686965,0.0176826,0.0130704,0.00644998,0.00283505,0.0107828,0.0363223,0.0265879,0.00585434,0.00342946,0.0030331,0.00586054,0.0064985,0.0241609,0.100413,0.161346,0.0764486,0.0108997,0.00422121,0.00464431,0.00291764,0.00482861,0.00830731,0.0222853,0.0214847,0.013025,0.00238879,0.0041377,0.0106063,0.011044,0.0144137,0.0826783,0.137402,0.0887581,0.0154002,0.00914795,0.011487,0.00516375,0.00378639,0.0077107,0.0157176,0.0152242,0.0195223,0.0071026,0.00376456,0.00527084,0.00544018,0.011162,0.0527756,0.0919041,0.052433,0.0146231,0.0062592,0.00228524,0.00247046,0.00168461,0.00792651,0.0263987,0.0313585,0.00989709,0.00121182
66.873469388,0.0574078,0.122012,0.0924317,0.022388,0.00873459,0.00636055,0.00257153,0.00308808,0.00601921,0.020714,0.0224032,0.00708628,0.00255033,0.00340469,0.00931223,0.0188536,0.0125889,0.0522056,0.0936307,0.0565939,0.00676497,0.00498588,0.00662118,0.00575698,0.00289819,0.010787,0.0361074,0.0266529,0.00593904,0.00389964,0.00439269,0.00620149,0.00648652,0.0241569,0.0990537,0.152527,0.0703284,0.00432943,0.00229622,0.00267167,0.00258055,0.00491644,0.0084148,0.0225562,0.0216607,0.0130826,0.00250353,0.00480577,0.0108911,0.0109115,0.0143264,0.0701224,0.131325,0.0869557,0.0148353,0.00784291,0.00828458,0.00483897,0.0039403,0.00630293,0.0157858,0.015559,0.0193732,0.00726454,0.00467427,0.00571028,0.00420812,0.0109521,0.0462701,0.0866286,0.0494272,0.013096,0.00461149,0.00286269,0.0028689,0.00186023,0.00807769,0.026715,0.0315875,0.010043,0.00139289
68.359546485,0.0500926,0.103822,0.082329,0.0216286,0.00867724,0.00576345,0.00255531,0.00174727,0.00500786,0.0192289,0.0218407,0.00697263,0.00275141,0.00259543,0.00249939,0.00643236,0.012417,0.0519028,0.0911185,0.0555932,0.00671493,0.00521096,0.00650951,0.00324161,0.00282591,0.0111189,0.0365605,0.0264138,0.00588117,0.00396659,0.00464294,0.00608184,0.00504572,0.0227335,0.0966081,0.149981,0.0670131,0.00443541,0.00265956,0.00315422,0.0028201,0.00542509,0.00803561,0.0219036,0.0198809,0.011121,0.00258279,0.00388274,0.0075929,0.010119,0.0139527,0.0696148,0.127057,0.0748636,0.0137865,0.00784105,0.00818879,0.00523057,0.00396907,0.0064333,0.0156818,0.0126063,0.0188153,0.00725687,0.00469858,0.00512077,0.00443754,0.0109499,0.0466415,0.086031,0.0478707,0.0116817,0.00242454,0.00244901,0.00300572,0.00191296,0.00809227,0.0266007,0.0311766,0.0100638,0.00142109
69.845623583,0.0516972,0.0943292,0.0730304,0.0202887,0.00887327,0.00579082,0.00257747,0.00235785,0.00560977,0.0218005,0.0374264,0.0170922,0.00257971,0.00259543,0.00264001,0.0132616,0.0221884,0.0526051,0.081322,0.0473044,0.00687217,0.00527644,0.00705688,0.00362785,0.00286061,0.0101992,0.0296526,0.0212453,0.00597913,0.00395014,0.00466054,0.006132,0.00507087,0.0227335,0.0650692,0.108463,0.0547095,0.00380203,0.00287518,0.00330403,0.00335987,0.00819961,0.0102928,0.0189998,0.0164445,0.0093436,0.00348089,0.00474662,0.00793359,0.0107507,0.014618,0.0570833,0.114602,0.0699506,0.0140622,0.00816554,0.00831179,0.00534156,0.00483491,0.00707245,0.0151753,0.0120375,0.018589,0.0074583,0.00472854,0.00524001,0.00472128,0.0111372,0.0391142,0.0709169,0.038371,0.0124479,0.00266889,0.00250301,0.00324315,0.00327453,0.00564209,0.020106,0.0207542,0.00994996,0.00152347
71.331700680,0.0466473,0.0692076,0.0489197,0.0215496,0.00966779,0.00596445,0.00257747,0.00235785,0.00620928,0.0239343,0.038435,0.017269,0.00259271,0.00259543,0.00264001,0.0132616,0.0218983,0.0730055,0.122777,0.0686094,0.00865591,0.0102413,0.0166399,0.0110393,0.0050324,0.0116674,0.0314732,0.0233128,0.00832122,0.00487817,0.00498371,0.006132,0.00517694,0.0219241,0.0458165,0.0711206,0.0414071,0.00774804,0.00291048,0.00330403,0.00928152,0.0179386,0.011018,0.0166604,0.0140985,0.00802126,0.00361381,0.00474662,0.0079437,0.0107507,0.0160908,0.0591246,0.127596,0.111146,0.100043,0.097996,0.0413038,0.00649247,0.00520135,0.00738985,0.0152785,0.0202076,0.0240936,0.00797628,0.005264,0.00530163,0.00660909,0.0172141,0.0412973,0.0632688,0.035212,0.012257,0.00266889,0.00250832,0.0032597,0.00318469,0.00534223,0.022802,0.021553,0.0101418,0.00280487
72.817777778,0.0357515,0.0565764,0.0439778,0.0239226,0.0100337,0.00574292,0.0024198,0.00225961,0.00609701,0.0237011,0.0386471,0.0172079,0.00277849,0.00259543,0.00264001,0.0151195,0.029928,0.0684729,0.114865,0.0678135,0.00970727,0.0102631,0.0165923,0.0110393,0.00458139,0.0107944,0.0312343,0.0233372,0.00864591,0.00695509,0.00792091,0.006132,0.005662,0.0227791,0.0355772,0.0567287,0.038904,0.00849604,0.0030496,0.00300185,0.00921691,0.0180126,0.0109816,0.0165384,0.0144758,0.00880242,0.00406305,0.00502733,0.0079437,0.0119821,0.0196683,0.0314679,0.07815,0.0882295,0.100293,0.0980135,0.0412902,0.00651246,0.005418,0.00774684,0.0153701,0.0203196,0.0243724,0.00907785,0.00602521,0.00536627,0.00661484,0.0166365,0.0279512,0.0427024,0.0293333,0.0120782,0.00375258,0.00384001,0.0042525,0.0034424,0.00542726,0.0228179,0.0217704,0.0103172,0.00282432
74.303854875,0.0501545,0.0802577,0.059368,0.023161,0.00988274,0.00573765,0.00237547,0.00213104,0.00622448,0.0230371,0.035654,0.0175442,0.00272027,0.00252208,0.00261588,0.0151195,0.0304188,0.0765782,0.126765,0.0700529,0.00919822,0.0100542,0.0165536,0.0110061,0.00450384,0.0107745,0.0311059,0.0225335,0.00799612,0.00692568,0.00782979,0.00604254,0.00566138,0.0228254,0.0648623,0.119406,0.0623767,0.00786083,0.00260642,0.00299829,0.00920692,0.0179755,0.0109575,0.016428,0.013755,0.00833374,0.00392743,0.00497284,0.0079437,0.0119813,0.0199621,0.0562388,0.10938,0.10483,0.100084,0.0980003,0.0412888,0.00651246,0.00533645,0.00739634,0.0151238,0.0202875,0.0243955,0.00905521,0.00600552,0.00536481,0.00661484,0.0166316,0.0320085,0.0475212,0.0292275,0.0119697,0.00374783,0.0038041,0.00411056,0.00336987,0.00535431,0.0228864,0.0216796,0.0100718,0.00282222
75.789931973,0.0645058,0.121035,0.0628921,0.00948205,0.0148435,0.00581121,0.00236586,0.00211745,0.00548082,0.0319203,0.0407917,0.0167022,0.00216002,0.00178216,0.00232699,0.0146871,0.0292377,0.0736078,0.130786,0.0733933,0.0261749,0.0200318,0.0166537,0.0110061,0.00450384,0.00949069,0.0257211,0.0196558,0.0104257,0.00738631,0.00779366,0.00589851,0.00563957,0.0221749,0.07222,0.129119,0.061102,0.00760847,0.00286978,0.00300145,0.00920692,0.0179755,0.0109941,0.016249,0.0205498,0.0113395,0.00431947,0.0050324,0.00794052,0.0115012,0.0192402,0.0631542,0.112198,0.0956264,0.0905746,0.0978725,0.0413289,0.00630621,0.00427346,0.00629162,0.0126343,0.0200747,0.0245471,0.00898127,0.00593807,0.00532794,0.0062403,0.0157725,0.0372257,0.0790264,0.0630075,0.0120116,0.00374666,0.0038041,0.00406318,0.00310916,0.00425484,0.0189437,0.0187882,0.010544,0.00293861
77.276009070,0.0674188,0.141893,0.0804057,0.0095163,0.014816,0.0056191,0.00226617,0.00262729,0.00969775,0.0288766,0.0413302,0.0166396,0.00208258,0.00174609,0.00176178,0.0211412,0.0408881,0.0748448,0.142407,0.0808987,0.0262407,0.0192449,0.0164869,0.0109759,0.00435322,0.00830945,0.028354,0.0293406,0.010483,0.00663004,0.00720893,0.00600856,0.0142438,0.0125645,0.0868896,0.169398,0.0797573,0.00764131,0.00286978,0.00300145,0.00869817,0.0148334,0.0103547,0.0246295,0.025654,0.00909255,0.00381943,0.00502338,0.00744157,0.00840812,0.00990749,0.0826569,0.139651,0.11278,0.0908317,0.097871,0.0413292,0.00631922,0.00452855,0.00632784,0.0157466,0.0199264,0.0103241,0.00365215,0.00515955,0.00513343,0.00795389,0.0162669,0.0387901,0.0837607,0.0606891,0.00420902,0.00512214,0.00382339,0.00413179,0.00554969,0.00564681,0.0200703,0.0218407,0.0104474,0.00293861
78.762086168,0.086254,0.183473,0.101003,0.00900413,0.0143274,0.00540743,0.00243289,0.00255998,0.00944416,0.0280217,0.0399683,0.015973,0.0017581,0.00154621,0.00152939,0.021099,0.0408235,0.087049,0.173975,0.096359,0.0255034,0.0187671,0.016471,0.0109734,0.00432048,0.00792728,0.0258437,0.027252,0.00993203,0.00648034,0.0070744,0.00560115,0.014086,0.0125129,0.110325,0.207086,0.0980959,0.00754155,0.00253562,0.00268136,0.00845836,0.0148021,0.00969323,0.0216597,0.0238499,0.00873211,0.00365988,0.00488279,0.00731895,0.00828906,0.00978806,0.0850062,0.15502,0.127604,0.0906717,0.0974369,0.0409045,0.00595258,0.00441777,0.00593066,0.0146124,0.019102,0.00995207,0.00323417,0.0048823,0.00497526,0.0078828,0.0161069,0.0516772,0.148545,0.116984,0.00410969,0.00504913,0.00373905,0.00331625,0.00544875,0.00543142,0.0184564,0.0194966,0.0100266,0.00281269
80.248163265,0.100061,0.205779,0.116928,0.010144,0.0142591,0.00537619,0.00236432,0.00243256,0.00939593,0.0276686,0.0388817,0.0154441,0.0016969,0.00138028,0.0014465,0.0207457,0.0428784,0.0992276,0.189105,0.098795,0.024627,0.0186839,0.0163666,0.0109656,0.00406223,0.00755563,0.0252611,0.0268479,0.00991279,0.00647962,0.00706611,0.00553251,0.013759,0.0122409,0.119423,0.234355,0.111269,0.00851428,0.0024985,0.00258065,0.00878039,0.0150589,0.00944383,0.0207866,0.0229301,0.00858003,0.00365551,0.00488011,0.00720925,0.0079161,0.00946936,0.0997245,0.176107,0.136555,0.0900652,0.0973853,0.0408035,0.0059651,0.00425586,0.00564029,0.0141867,0.018631,0.00984309,0.00323417,0.00487848,0.00492491,0.00765242,0.0159329,0.0567085,0.153961,0.118615,0.00408234,0.00502709,0.0036672,0.00378124,0.00564844,0.00515317,0.0181072,0.0192574,0.00992802,0.00271384
81.734240363,0.116383,0.239636,0.124785,0.010264,0.0142421,0.00537542,0.00236003,0.00242253,0.00894501,0.0258081,0.0372001,0.015312,0.00188091,0.00136819,0.00143776,0.0207399,0.0427413,0.108749,0.210111,0.113367,0.0284996,0.0171314,0.0152029,0.0107214,0.00405369,0.00696199,0.023984,0.0259597,0.00989417,0.00649724,0.00688212,0.00549787,0.0137529,0.0145684,0.148257,0.261762,0.113899,0.00804478,0.00241405,0.00256709,0.00877902,0.0150093,0.00876178,0.0187938,0.0215046,0.00828143,0.00360615,0.00563817,0.00729779,0.00781408,0.0104041,0.112968,0.182181,0.141796,0.0922903,0.0973298,0.0407706,0.00596134,0.00409671,0.00488959,0.0130966,0.0178599,0.00925975,0.00351626,0.00484342,0.00491105,0.00808408,0.0209848,0.06353,0.166083,0.136377,0.00542998,0.00500108,0.00366381,0.00367277,0.00551598,0.00456902,0.0165236,0.0182324,0.00963804,0.00249091
83.220317460,0.133741,0.290885,0.156416,0.00971398,0.0141711,0.00532874,0.0037928,0.00675968,0.012362,0.026494,0.0350974,0.0137369,0.00170094,0.00121926,0.00123861,0.0205658,0.0426565,0.122013,0.252929,0.134232,0.0265691,0.0170677,0.0151311,0.0107047,0.00401794,0.00820776,0.0244096,0.0228023,0.00835396,0.00639322,0.00649167,0.00510968,0.0136384,0.0145438,0.179145,0.314468,0.137812,0.00771404,0.00221722,0.0022237,0.00832599,0.0146616,0.00882472,0.0183686,0.020849,0.00802923,0.00352157,0.00440389,0.00388691,0.00502899,0.010376,0.13908,0.232523,0.171316,0.0920297,0.0972986,0.0404245,0.00536141,0.00389841,0.00676059,0.0135652,0.0170397,0.00911967,0.00351359,0.00411206,0.00369234,0.00749552,0.0207946,0.0696553,0.185915,0.14712,0.00533743,0.00488238,0.00262629,0.00320907,0.00548081,0.00437338,0.0151241,0.0171819,0.0092378,0.00247646
84.706394558,0.145847,0.329179,0.182734,0.00886302,0.00961346,0.00186525,0.00336942,0.00668877,0.0122813,0.0264463,0.0354498,0.0138943,0.0013186,0.00116433,0.00123541,0.0204928,0.042719,0.127773,0.262102,0.137303,0.026581,0.0169131,0.0149245,0.0106486,0.00448896,0.00927824,0.0252222,0.022947,0.00804613,0.00607427,0.00639744,0.00510919,0.0136223,0.013938,0.183263,0.323603,0.143168,0.00833188,0.0022092,0.00222174,0.00914959,0.0176619,0.0133028,0.0212093,0.0216009,0.00881239,0.00320645,0.0041691,0.00388642,0.00501775,0.0107812,0.14174,0.243521,0.181926,0.0920026,0.0972986,0.0404094,0.00707903,0.0096591,0.012661,0.0153181,0.0193022,0.0112024,0.00342992,0.00405175,0.00368799,0.00749392,0.0201913,0.0857533,0.234289,0.178244,0.005317,0.00488212,0.00262605,0.00278864,0.00489062,0.00448647,0.0153889,0.0178928,0.0096615,0.00238299
86.192471655,0.147519,0.332248,0.186158,0.00910038,0.00962222,0.00183915,0.003093,0.00634586,0.012207,0.0268621,0.0364656,0.014392,0.00131531,0.00110314,0.000705515,0.019745,0.0423629,0.13247,0.276216,0.142276,0.02703,0.0170798,0.0149607,0.0105632,0.0043498,0.00918555,0.0250527,0.0234557,0.0107864,0.00973808,0.00722728,0.00128525,0.0118816,0.0137484,0.184819,0.3252,0.143898,0.00861105,0.00184109,0.0017635,0.00885535,0.017494,0.0133233,0.0214807,0.0228719,0.0101479,0.00356847,0.00408848,0.00322837,0.00453038,0.0107695,0.144987,0.249203,0.186499,0.0919094,0.0971587,0.0397516,0.00659663,0.00953222,0.0129645,0.0157068,0.0198763,0.0121165,0.00418411,0.00403166,0.00257105,0.00691897,0.0201238,0.0865066,0.237137,0.180982,0.00525229,0.00443826,0.00244561,0.00327223,0.00633012,0.00525197,0.0155668,0.0181368,0.00977427,0.00233336
87.678548753,0.158113,0.34505,0.190357,0.00903403,0.0090761,0.00119436,0.00290534,0.00637426,0.0130097,0.0289423,0.0351893,0.0135348,0.00113486,0.000779671,0.000705515,0.019745,0.0419808,0.133454,0.268103,0.130193,0.0270683,0.0171031,0.014976,0.0105603,0.00431791,0.00813034,0.0224876,0.0259746,0.0124586,0.010085,0.00723895,0.00128525,0.0118816,0.0144772,0.203566,0.352293,0.151849,0.00911683,0.00178225,0.0017086,0.00885535,0.017494,0.0138328,0.0220944,0.0239717,0.0115153,0.00425727,0.00341887,0.00322837,0.00455862,0.0110071,0.156253,0.249471,0.184721,0.0920128,0.0971587,0.0397516,0.00659663,0.00954794,0.0141431,0.0169236,0.0214688,0.0135789,0.00373681,0.00383814,0.00257105,0.00691375,0.0200703,0.0872981,0.243714,0.189077,0.00591655,0.00442488,0.00242404,0.00324263,0.00623484,0.00517844,0.017621,0.0212042,0.0109978,0.00226972
89.164625850,0.153231,0.350415,0.193319,0.00912205,0.00899233,0.000973003,0.00281121,0.00662468,0.0124809,0.0288618,0.0354391,0.0134547,0.000945171,0.000460195,0.000621691,0.0197466,0.0417169,0.13136,0.270058,0.13104,0.0270294,0.0156331,0.0110719,0.00891592,0.00325614,0.00546665,0.0189635,0.0240582,0.0115947,0.00873888,0.00662284,0.00129031,0.0118601,0.0115577,0.197914,0.35107,0.154621,0.0092888,0.00110983,0.00074576,0.00855252,0.018111,0.0142491,0.0215732,0.0225498,0.0115874,0.00425727,0.00341887,0.00189995,0.00393706,0.0111331,0.154004,0.241579,0.177778,0.0921231,0.0924887,0.0345678,0.00418932,0.00810357,0.0126467,0.0142911,0.0219812,0.0135932,0.00375051,0.00320228,0.00170472,0.00675298,0.0200602,0.0834249,0.239364,0.186449,0.00602187,0.00438033,0.00242404,0.00331186,0.00673398,0.00438704,0.013129,0.0157095,0.00584581,0.00211309
90.650702948,0.155733,0.355551,0.19409,0.00912752,0.00881294,0.000624406,0.0024197,0.00647082,0.0123455,0.0286333,0.0351504,0.0133938,0.000987058,0.000148432,0.000370174,0.0196786,0.0416921,0.131551,0.273912,0.133801,0.027653,0.0156617,0.0108752,0.00876207,0.003193,0.00534393,0.0214848,0.0255679,0.0117031,0.00848197,0.00530285,0.000564779,0.0117818,0.0116366,0.208333,0.359434,0.156902,0.0093732,0.0011092,0.000644671,0.00840156,0.0180132,0.0143308,0.0228938,0.0233676,0.0118035,0.00416184,0.00269566,0.000884398,0.00390274,0.0117045,0.156807,0.244542,0.178672,0.0921975,0.0922195,0.0336937,0.00363997,0.00789234,0.0122036,0.0141703,0.0221546,0.0134646,0.003424,0.00206244,0.000898644,0.00674791,0.0200858,0.0844047,0.244207,0.187971,0.00625017,0.00437301,0.00184659,0.00291343,0.00655716,0.00440266,0.0144345,0.0172617,0.00586484,0.00192892
92.136780045,0.160642,0.37546,0.218066,0.00949398,0.00874576,0.000301961,0.00208495,0.00697171,0.0125444,0.0291003,0.0355708,0.0133,0.000785984,1.89323e-05,0.000250589,0.0199178,0.042492,0.136489,0.283864,0.136636,0.0275833,0.0155117,0.0103015,0.0081882,0.00295613,0.00498953,0.0208219,0.0254579,0.0117486,0.00843078,0.00499889,0.000183606,0.0115091,0.0116331,0.209267,0.367803,0.160321,0.0105716,0.000973651,0.000614055,0.00791564,0.0176855,0.0147782,0.0235885,0.0247855,0.0119328,0.00442861,0.00255661,0.00053101,0.00386842,0.0121365,0.160667,0.253987,0.189372,0.0922875,0.092082,0.0331678,0.00325572,0.00790608,0.0121882,0.0138634,0.0221753,0.0135156,0.00341979,0.00177907,0.000356401,0.00646735,0.0202432,0.0849316,0.244801,0.190068,0.00699913,0.00450775,0.00141943,0.00272161,0.00683853,0.00456997,0.0147122,0.0178743,0.00593176,0.00193041
93.622857143,0.170845,0.380816,0.21836,0.00951143,0.00854974,0.000327673,0.00224413,0.00706459,0.0125997,0.0268278,0.0184435,0.00264251,0.000785984,0.000292794,0.000512174,0.0130886,0.0333171,0.139958,0.295651,0.142252,0.027143,0.0154462,0.00975414,0.00780195,0.00292798,0.00525316,0.0197507,0.0225696,0.0113626,0.00843078,0.00500801,0.000259433,0.0115756,0.0132183,0.230927,0.401804,0.171037,0.0104957,0.000758032,0.000464242,0.00739458,0.014911,0.0125329,0.023336,0.0245495,0.0115902,0.0035305,0.00169273,0.000824862,0.00412465,0.0116276,0.17597,0.269049,0.193781,0.0919457,0.0918001,0.0330721,0.00314473,0.00704024,0.0115945,0.013025,0.0214713,0.0134204,0.00321836,0.00174911,0.000867674,0.00639118,0.0199847,0.0888812,0.260888,0.205129,0.00623297,0.00504806,0.00180288,0.00248418,0.00547695,0.00397435,0.0150544,0.0177167,0.00601934,0.00183665
95.108934240,0.16818,0.385208,0.227518,0.0121303,0.00832922,0.000378346,0.00230038,0.00707383,0.0121686,0.024287,0.0174409,0.00281055,0.000804622,0.000297049,0.000513819,0.0130886,0.0330485,0.122642,0.25596,0.119733,0.0246516,0.0106169,0.000222845,0.00117012,0.00166453,0.00466523,0.018222,0.0206664,0.00943231,0.007592,0.00468534,0.000259433,0.0114854,0.0132026,0.243177,0.413376,0.169848,0.00850936,0.00137925,0.00070757,0.00164541,0.00533839,0.0120588,0.0248912,0.0250061,0.0115642,0.00348742,0.00172737,0.000826413,0.00412915,0.0167094,0.187403,0.259508,0.150655,0.00534896,0.00234159,0.000222229,0.00203528,0.0069978,0.0118369,0.013642,0.0133453,0.00762513,0.0026424,0.00121365,0.00080606,0.00450337,0.0141227,0.0875316,0.272149,0.214899,0.00924338,0.00504806,0.00179757,0.00280523,0.00603018,0.0044477,0.0130334,0.0168205,0.00535581,0.000555256
96.595011338,0.169807,0.389028,0.228404,0.00981315,0.00801985,0.000397949,0.0023045,0.00707519,0.0121702,0.0243206,0.017503,0.00332766,0.0013739,0.000832836,0.000656692,0.0116238,0.0250619,0.125869,0.285816,0.132217,0.0236054,0.0105828,0.000227643,0.00118453,0.00178282,0.00499285,0.0186308,0.0219597,0.0109502,0.00607356,0.00205663,0.000441348,0.0114403,0.0128362,0.24497,0.41518,0.168923,0.00776564,0.00124049,0.000700632,0.00161514,0.00526121,0.0121866,0.0256256,0.0253917,0.0109844,0.00307763,0.00151736,0.000966948,0.0032562,0.0149959,0.188766,0.260096,0.150434,0.00512443,0.00235523,0.000231906,0.00195976,0.00678263,0.0116462,0.0145474,0.0145537,0.00784302,0.00164845,0.000637852,0.000812476,0.00454505,0.0141822,0.0930542,0.285847,0.2229,0.00862941,0.00396547,0.000470302,0.00182466,0.00580986,0.00449122,0.0132524,0.0166911,0.00521165,0.000544863
98.081088435,0.187054,0.388438,0.215915,0.0125015,0.00801985,0.000397949,0.0023045,0.00738574,0.0135844,0.0264579,0.0172902,0.00259944,0.00131137,0.000832836,0.000656692,0.0116238,0.0245689,0.117805,0.272299,0.132122,0.0236023,0.0105828,0.000227643,0.00118453,0.00178282,0.00674447,0.0198067,0.0219661,0.0109914,0.00609583,0.00205663,0.000441348,0.0114403,0.0128252,0.246033,0.39656,0.160047,0.00818476,0.0012426,0.000700632,0.00161514,0.0065259,0.0174429,0.0295196,0.0283093,0.0125256,0.00307763,0.00151736,0.000966948,0.0032562,0.0146267,0.161899,0.230417,0.147809,0.011087,0.00235523,0.000231906,0.00195976,0.00678263,0.0117325,0.0145442,0.0142232,0.0077398,0.0022137,0.000637852,0.000812476,0.00454505,0.0174305,0.0927476,0.276895,0.216869,0.00863189,0.00396597,0.000470302,0.00182466,0.0059454,0.0103335,0.016572,0.0178869,0.00559398,0.000557138
99.567165533,0.17984,0.385903,0.266769,0.0505362,0.000829023,0.000324387,0.0023045,0.00738574,0.0134917,0.017905,0.0116716,0.0027462,0.00160378,0.00090902,0.000656692,0.0116238,0.0245674,0.116001,0.266266,0.136262,0.0110052,0.000607387,0.000127602,0.00118453,0.00178282,0.00678296,0.0210371,0.0237948,0.00769585,0.0055796,0.00547179,0.00153673,0.0114403,0.0128099,0.250333,0.429747,0.213808,0.0456149,0.00986137,0.000697475,0.00161514,0.0065259,0.0173272,0.0286569,0.0203927,0.00711154,0.00323863,0.00290354,0.000966002,0.0032562,0.027729,0.224268,0.323771,0.168803,0.024398,0.00125588,0.000191856,0.00195953,0.00678263,0.0113149,0.0142679,0.0175719,0.00938874,0.00218641,0.000637852,0.000812476,0.00454505,0.0183269,0.0887725,0.274066,0.213522,0.0149328,0.0039578,0.000470302,0.00182466,0.0059454,0.0103141,0.0172613,0.0188119,0.00496061,0.000400094
101.053242630,0.199128,0.365466,0.249326,0.0504187,0.000829023,0.00104403,0.00460716,0.00649192,0.00857752,0.0153088,0.00933306,0.00271315,0.00160289,0.00090902,0.000546839,0.000700992,0.00929379,0.115154,0.251544,0.12914,0.0109328,0.000605978,0.000127602,0.00123659,0.00165498,0.0061377,0.0144407,0.0128065,0.00744289,0.0055796,0.00547179,0.00142668,0.00085658,0.0233572,0.252454,0.392305,0.19493,0.0455634,0.00986137,0.000727809,0.00351609,0.00661283,0.0155565,0.0180621,0.0146003,0.00700677,0.00323863,0.00290291,0.000908531,0.0016945,0.0288734,0.207341,0.29403,0.151186,0.0241135,0.00125588,0.000191467,0.00208104,0.00644564,0.0113796,0.0107746,0.0147618,0.00796224,0.00201902,0.000624582,0.000785009,0.000774765,0.011624,0.0891094,0.272713,0.21145,0.0131817,0.00120171,0.000441873,0.00175606,0.00378656,0.00894916,0.0132803,0.014318,0.00640806,0.0021629
102.539319728,0.18867,0.340894,0.25941,0.0632972,0.00105996,0.00104403,0.00435239,0.00649981,0.00860757,0.0151077,0.00917811,0.00278943,0.00171328,0.000997064,0.000546839,0.000700992,0.00929379,0.102599,0.222848,0.121729,0.0129955,0.000726446,0.000127602,0.00123659,0.00176015,0.00626572,0.0146044,0.012946,0.00754718,0.00787463,0.00961866,0.00250715,0.000856902,0.0233574,0.230182,0.367358,0.206735,0.0641159,0.0137169,0.000733267,0.00357918,0.00683768,0.0157207,0.0184194,0.0147085,0.00801115,0.0058975,0.00467534,0.000908531,0.0016945,0.0302162,0.214721,0.309632,0.155655,0.0318812,0.00145026,0.000191467,0.00208104,0.00645069,0.0113848,0.0103216,0.0140289,0.00797082,0.00202001,0.000624582,0.000785009,0.000774765,0.0117364,0.0757473,0.22038,0.171558,0.0171458,0.00120171,0.000441873,0.00175872,0.0039544,0.00904963,0.0130817,0.0143752,0.00646359,0.0021629
104.025396825,0.203639,0.319157,0.2419,0.0617329,0.00105996,0.001877,0.00957414,0.00975578,0.00869627,0.0151077,0.00917811,0.00278943,0.00171328,0.000997064,0.000546839,0.000786461,0.00796202,0.0965921,0.210848,0.117773,0.0128541,0.000726446,0.000120733,0.00106132,0.00188575,0.00634984,0.0146044,0.012946,0.00754718,0.00787463,0.00961866,0.00250715,0.000856902,0.03299,0.242899,0.349512,0.192719,0.0629514,0.0137169,0.000733267,0.00591784,0.00994318,0.0168674,0.0184194,0.0147085,0.00801115,0.0058975,0.00467534,0.000908531,0.0016945,0.0304866,0.20427,0.291837,0.144888,0.0319014,0.00145026,0.000191433,0.00199586,0.00712332,0.0118849,0.0103377,0.01408,0.00832895,0.00257127,0.000819676,0.000785009,0.000774765,0.0116814,0.0716249,0.217823,0.172192,0.0178418,0.00120171,0.000441873,0.00125784,0.00392281,0.00927551,0.0131104,0.0153712,0.00956063,0.0045664
105.511473923,0.184025,0.292033,0.244961,0.0714267,0.00204578,0.001877,0.00957414,0.00975578,0.00874709,0.0169142,0.0102172,0.0032066,0.00145444,0.000997064,0.000546839,0.000786461,0.00751449,0.0894346,0.193488,0.106662,0.0102827,0.000727614,0.000161818,0.00106865,0.00188575,0.00634956,0.0146033,0.0130077,0.00964257,0.00880808,0.00972493,0.00250715,0.000904096,0.0319582,0.226588,0.336972,0.203219,0.0797248,0.0181354,0.00102563,0.00591784,0.00994302,0.0168656,0.0184171,0.0147081,0.00801115,0.00568727,0.0037571,0.000819984,0.0016945,0.0318227,0.213392,0.313873,0.141891,0.0325519,0.00188664,0.000191433,0.00199586,0.00712332,0.0118849,0.0103375,0.0140795,0.00832868,0.00212516,0.000660878,0.000785009,0.000307276,0.00675565,0.0705367,0.22777,0.169906,0.0184937,0.00120171,0.000441873,0.00125784,0.00392281,0.00927551,0.0131104,0.0153712,0.00956063,0.00452225
106.997551020,0.17086,0.248656,0.21576,0.0717294,0.00206689,0.00208382,0.00818526,0.00573404,0.00548458,0.0155912,0.0108126,0.00344788,0.00145444,0.00100577,0.000586084,0.000925123,0.00851729,0.0794473,0.153691,0.0831939,0.010321,0.000730514,0.000164179,0.00112116,0.00226618,0.00592189,0.0135614,0.0134345,0.0097725,0.00880883,0.00972515,0.00250859,0.00131627,0.0364057,0.20027,0.282161,0.174728,0.0797293,0.018146,0.00104322,0.00591826,0.0102037,0.0177414,0.0186737,0.015409,0.00909038,0.00596104,0.0037571,0.000829758,0.00194296,0.034139,0.188188,0.263783,0.118455,0.039327,0.00255753,0.000192582,0.00205372,0.00778973,0.0105422,0.00945134,0.0143328,0.00844736,0.00214396,0.000660878,0.000790979,0.000339054,0.00692056,0.0647644,0.209967,0.161968,0.0200717,0.00125333,0.000443293,0.00125836,0.00392644,0.00935774,0.0138139,0.0158873,0.00965625,0.00452402
108.483628118,0.159565,0.215418,0.191373,0.0716919,0.00208993,0.00208606,0.00818924,0.00574101,0.00569867,0.0159158,0.0106586,0.0033404,0.00140802,0.00103252,0.000600237,0.00094427,0.00859896,0.0775343,0.152291,0.0832543,0.00989114,0.000740722,0.000169736,0.00101291,0.00181532,0.00486858,0.0125614,0.0139174,0.0103151,0.00908683,0.00974383,0.00252224,0.00149155,0.0372436,0.194796,0.273404,0.171033,0.0798477,0.0182291,0.00104322,0.00507147,0.00724022,0.0133422,0.0159616,0.0152919,0.00884094,0.00640481,0.00395359,0.000835733,0.00222225,0.0362232,0.187727,0.252977,0.10877,0.0407029,0.00268296,0.000198604,0.000409677,0.00219273,0.00490935,0.00819464,0.0125093,0.00661842,0.00234115,0.000730835,0.000791457,0.000373849,0.00724282,0.04727,0.15987,0.129537,0.0204893,0.00129806,0.000456906,0.0012624,0.00398066,0.00961499,0.0141925,0.0147791,0.00865206,0.00464628
109.969705215,0.159413,0.21169,0.186397,0.0712009,0.00208263,0.00208606,0.00819728,0.00587044,0.0065351,0.0196657,0.0164427,0.00542172,0.00138899,0.00103725,0.000600237,0.000961191,0.00846792,0.0716909,0.137873,0.0778866,0.00934483,0.000612473,0.000149806,0.00101651,0.00180059,0.00478419,0.0127935,0.0148825,0.00850611,0.00552535,0.0084017,0.00254838,0.00150391,0.0372258,0.1931,0.270821,0.169782,0.0794132,0.0184381,0.00126523,0.00508744,0.00724022,0.013292,0.0155456,0.0138154,0.00746178,0.00604626,0.00386229,0.000922672,0.00236622,0.0360975,0.184837,0.247283,0.103966,0.0406426,0.00270817,0.000289505,0.000473141,0.00219273,0.00455747,0.00803906,0.0120346,0.00555474,0.00154171,0.000458879,0.000756469,0.000409293,0.00727225,0.0512923,0.163067,0.127229,0.0200717,0.0012418,0.000457009,0.000675565,0.00252841,0.00879012,0.0139456,0.0144755,0.00848163,0.00462587
111.455782313,0.149422,0.196261,0.181017,0.0719675,0.00223869,0.00220401,0.0083389,0.00582765,0.00528948,0.0156684,0.0168439,0.0135683,0.0108989,0.00308916,0.000616732,0.000961863,0.00833084,0.0664746,0.128899,0.0747987,0.0107074,0.00350792,0.00176265,0.00170389,0.00188836,0.00463923,0.0109503,0.0117202,0.00882957,0.0120666,0.0151574,0.00436022,0.00213409,0.0364408,0.171155,0.235543,0.157622,0.0789056,0.019719,0.00367823,0.00661923,0.00861994,0.0130581,0.0140727,0.011653,0.00578203,0.00508215,0.00388776,0.0011952,0.00285767,0.0362835,0.170222,0.233574,0.100902,0.0405451,0.00270817,0.000348587,0.000632704,0.00226174,0.00338519,0.00635284,0.00972535,0.00405112,0.00153107,0.000464216,0.000852793,0.000589261,0.00729663,0.0476393,0.151052,0.116482,0.0194001,0.0012418,0.000468237,0.000787543,0.00293404,0.00938245,0.011913,0.0106478,0.00705426,0.00462603
112.941859410,0.153718,0.186386,0.183327,0.0763556,0.00312824,0.00219198,0.00814501,0.00542355,0.00486089,0.0147201,0.0153251,0.0135607,0.0108989,0.0031267,0.0362572,0.0404537,0.0178668,0.0640251,0.123455,0.0736794,0.0107123,0.00351794,0.0017614,0.00166721,0.00181564,0.00455437,0.010616,0.0118384,0.00962744,0.0121892,0.0157624,0.00492609,0.047938,0.0786659,0.179711,0.23265,0.157872,0.0806054,0.0201779,0.00380439,0.00644005,0.0079586,0.0119632,0.0124371,0.0113527,0.00608072,0.00534873,0.00478706,0.0213981,0.0209044,0.0394875,0.168808,0.226689,0.0947133,0.0404347,0.00687205,0.0112645,0.00591974,0.00216989,0.00308928,0.00485695,0.00806336,0.00403896,0.0015218,0.000728953,0.00164723,0.026189,0.0373111,0.0788017,0.162341,0.114,0.0192918,0.00124249,0.00542498,0.0121572,0.00711765,0.00857824,0.0114954,0.0104237,0.00680853,0.00444832
114.427936508,0.15262,0.193793,0.192342,0.0871386,0.0344358,0.00914276,0.00814501,0.00542355,0.00486089,0.0144251,0.0238186,0.0213112,0.012496,0.00310777,0.0362571,0.0404537,0.0178668,0.0778825,0.180741,0.0888879,0.0100661,0.00332827,0.00180414,0.00167753,0.00181564,0.00451382,0.00841544,0.0122415,0.0094161,0.0119756,0.0157228,0.00492503,0.047938,0.0785926,0.176968,0.251758,0.173611,0.0805097,0.0201394,0.00380309,0.00644005,0.0079586,0.011774,0.0108456,0.0218484,0.0155498,0.00735376,0.00478706,0.0213981,0.0209044,0.0388996,0.193543,0.334692,0.132717,0.0402034,0.00668648,0.0112522,0.00591974,0.00216989,0.00308178,0.00419355,0.0074232,0.00398107,0.00150287,0.000728953,0.00164723,0.026189,0.0373258,0.0772113,0.15652,0.112082,0.0190961,0.00124249,0.00542498,0.0121572,0.00711765,0.00835388,0.0095369,0.014326,0.0106037,0.00496491
115.914013605,0.168529,0.20286,0.173568,0.0867551,0.0343687,0.0091283,0.00810978,0.00492265,0.00462105,0.0155898,0.0234945,0.0212352,0.0128212,0.00417168,0.0400407,0.0442706,0.0170956,0.0909594,0.232668,0.0999539,0.0100661,0.00329146,0.00179265,0.00161559,0.00180073,0.0115685,0.0308245,0.0247738,0.00933869,0.0120451,0.0161446,0.0116801,0.0780301,0.0875754,0.186275,0.256831,0.171552,0.0881153,0.0435405,0.00854934,0.00641593,0.00759306,0.0164659,0.0212468,0.0253923,0.0151597,0.00694035,0.00475615,0.0213981,0.0206181,0.0384576,0.199793,0.358957,0.128027,0.0467275,0.0160503,0.0131331,0.0059109,0.00212738,0.00435071,0.0130475,0.0141907,0.00392539,0.00225916,0.000914194,0.00547786,0.0429302,0.040584,0.0883821,0.184525,0.124469,0.0201506,0.0103305,0.00958162,0.0217312,0.0127837,0.00821481,0.0102906,0.0142339,0.0104129,0.00493522
117.400090703,0.155929,0.198952,0.18114,0.117325,0.0610586,0.017906,0.00805769,0.00422857,0.00389785,0.0307312,0.054869,0.0307698,0.0128212,0.00389782,0.0396429,0.0442891,0.016499,0.0946077,0.268248,0.110071,0.0100661,0.00329146,0.00179265,0.00161559,0.00183584,0.0136098,0.0345353,0.0287372,0.00933869,0.0120451,0.0161178,0.0115541,0.0780443,0.086876,0.169819,0.228381,0.174929,0.128016,0.0455788,0.00854934,0.00765332,0.00816268,0.0161607,0.0384712,0.0579134,0.0221574,0.00694035,0.00475615,0.0207636,0.0197302,0.0383013,0.215013,0.46848,0.168266,0.0467275,0.0162989,0.0136405,0.00610529,0.00212738,0.00419601,0.0123466,0.0136693,0.00392035,0.00241834,0.00169426,0.00484734,0.0427226,0.0428856,0.0944335,0.177134,0.108298,0.0201506,0.00954585,0.00914417,0.0230663,0.0132019,0.00817114,0.0187988,0.028357,0.0129102,0.0049266
118.886167800,0.174664,0.178353,0.163923,0.113957,0.0604846,0.0176817,0.00800144,0.00437136,0.00663744,0.0320718,0.0578628,0.0347401,0.0147018,0.00389356,0.0396412,0.0442891,0.0164932,0.0964802,0.282623,0.11348,0.00942534,0.00640762,0.00523522,0.001703,0.000951426,0.0131898,0.0421164,0.051951,0.0265603,0.0119558,0.0161173,0.0115541,0.0784895,0.09588,0.160631,0.211376,0.167595,0.135479,0.0692251,0.0163366,0.00748084,0.00842682,0.0234592,0.0473156,0.0579702,0.0218667,0.00857753,0.0053929,0.0207519,0.0197257,0.031634,0.202267,0.465936,0.176915,0.0565056,0.0203362,0.0136985,0.00606383,0.00179382,0.00357965,0.0127965,0.0168234,0.00622922,0.00270425,0.00187894,0.00487436,0.0429107,0.0451478,0.0894492,0.176804,0.127997,0.0569219,0.0135125,0.00994289,0.022735,0.0127887,0.00822223,0.0199209,0.0322973,0.0151575,0.00508162
120.372244898,0.174157,0.175481,0.162591,0.11393,0.0614037,0.0218948,0.0141191,0.00619646,0.0124725,0.0386333,0.0583031,0.0346688,0.0172696,0.00870678,0.0400302,0.045582,0.0154063,0.0844433,0.257487,0.10021,0.0094202,0.00651367,0.00643791,0.0199954,0.028338,0.0150509,0.0419737,0.0506446,0.0247177,0.0114288,0.0163279,0.0216818,0.107802,0.111322,0.156836,0.208539,0.167565,0.135722,0.0735089,0.0324613,0.0259805,0.0128065,0.0422777,0.0751113,0.0667006,0.0216652,0.00853808,0.0053222,0.0206114,0.0193673,0.0288272,0.214595,0.508299,0.19028,0.0564797,0.0203051,0.0137191,0.00648286,0.00329255,0.00349538,0.0130348,0.0172365,0.00573253,0.00259662,0.00193091,0.00965063,0.0624935,0.0640452,0.0852433,0.163279,0.119896,0.0569156,0.0135114,0.00993847,0.0245276,0.0195492,0.0178612,0.0299406,0.0365917,0.0151263,0.00507256
121.858321995,0.1435,0.150457,0.159112,0.113809,0.0651456,0.0229588,0.0141995,0.00588591,0.0107679,0.036329,0.058275,0.0359009,0.0229853,0.0108639,0.040336,0.0456004,0.0157084,0.0852384,0.254928,0.0934419,0.0113833,0.00670924,0.00648002,0.0200099,0.0285235,0.0136903,0.0417832,0.0505689,0.0257131,0.0138032,0.018903,0.0243078,0.108743,0.111531,0.12393,0.158142,0.151298,0.1373,0.0740581,0.0328058,0.0264871,0.0119094,0.0373552,0.0763004,0.065716,0.0223077,0.0115616,0.00808138,0.0208177,0.0194287,0.0288551,0.215891,0.507919,0.176483,0.0506325,0.0203119,0.0137254,0.0078984,0.0118253,0.00809858,0.0145318,0.0176208,0.00595084,0.00253426,0.00400764,0.0104181,0.0626077,0.0609898,0.0811938,0.163285,0.125137,0.0644277,0.0165216,0.0132557,0.0297031,0.0203069,0.0119439,0.0264637,0.0353293,0.0149376,0.0076105
123.344399093,0.133288,0.108675,0.089691,0.0748911,0.0668388,0.0243144,0.0146947,0.00588591,0.0106374,0.0344531,0.0582785,0.0357807,0.0227246,0.0108443,0.0403772,0.0456117,0.0157087,0.0895347,0.265123,0.0963078,0.0120382,0.00683758,0.00688254,0.0202679,0.0285235,0.0136332,0.0399252,0.0469592,0.0257479,0.0139954,0.0160958,0.0239781,0.108781,0.111555,0.106183,0.10758,0.0952447,0.102006,0.0653444,0.0328822,0.0264872,0.0119094,0.0374054,0.0762377,0.069062,0.0277325,0.0106703,0.00669067,0.020848,0.0194287,0.015938,0.147241,0.410635,0.155419,0.0375484,0.0197517,0.0137254,0.0078984,0.0118253,0.00873659,0.0151655,0.0144235,0.00424195,0.00276892,0.00435106,0.0106568,0.0626864,0.0604408,0.0779484,0.132796,0.0955248,0.0584408,0.0166126,0.0133005,0.0297031,0.0203069,0.0119439,0.0261842,0.0357063,0.0152164,0.00764974
124.830476190,0.118699,0.11683,0.0918367,0.0751105,0.0670367,0.0243993,0.0125777,0.00584979,0.0106401,0.0344836,0.0582299,0.0357246,0.0227246,0.0108443,0.0412136,0.0459182,0.014136,0.0908624,0.27127,0.0975267,0.0120592,0.00689748,0.00697529,0.0202118,0.0284835,0.0136236,0.04035,0.0471296,0.0257479,0.0139954,0.0161739,0.024465,0.108943,0.0956356,0.0993823,0.119984,0.100276,0.102148,0.0697069,0.0366646,0.0248496,0.0113441,0.0370354,0.0759887,0.0688619,0.0275721,0.0106703,0.00669067,0.0223274,0.0207311,0.0150042,0.151366,0.428357,0.172307,0.039802,0.0199244,0.0138991,0.00773697,0.0117267,0.00860315,0.0151326,0.0143017,0.00412231,0.00276892,0.00436841,0.0112708,0.0629535,0.0604535,0.0753697,0.1304,0.0972833,0.0609373,0.0245696,0.0174552,0.0297031,0.0200252,0.0119169,0.0261659,0.0356268,0.0136786,0.00588693
126.316553288,0.11373,0.115197,0.0726512,0.0622307,0.0668069,0.0243993,0.0130882,0.00585318,0.01061,0.0356643,0.0606389,0.0357425,0.0226337,0.0107563,0.0412136,0.0459217,0.014148,0.0922943,0.272903,0.092847,0.0106376,0.00677701,0.00697694,0.0202217,0.0283783,0.0134956,0.0404787,0.0474591,0.0259058,0.0117473,0.0122243,0.0241127,0.109091,0.0959191,0.0992936,0.113985,0.0763119,0.0833505,0.0658595,0.0366591,0.024896,0.0112798,0.0368928,0.0757385,0.0696524,0.0265775,0.0080536,0.00496324,0.0227618,0.0207545,0.0137521,0.141366,0.398147,0.152947,0.0318388,0.0197314,0.0138991,0.00774469,0.011737,0.00859795,0.0151857,0.0143347,0.00412043,0.00279482,0.00442634,0.0115105,0.0630771,0.0604322,0.0754113,0.117881,0.080744,0.0569927,0.0245863,0.0177872,0.0297765,0.0198705,0.0118227,0.0259881,0.0354744,0.0136231,0.00590586
127.802630385,0.0855241,0.128799,0.0920545,0.0649894,0.066845,0.0235663,0.00786645,0.00263647,0.010528,0.0361968,0.062047,0.0357425,0.0226337,0.0107563,0.0412136,0.0458362,0.012628,0.0891629,0.28616,0.101157,0.0108882,0.00677848,0.00697694,0.0202219,0.0282571,0.0134659,0.0428207,0.0541254,0.0260734,0.0117473,0.0122243,0.0241127,0.109091,0.0862,0.0909402,0.155629,0.107177,0.0839353,0.0658595,0.0366591,0.0221875,0.00780115,0.0361523,0.0804231,0.0703399,0.0268562,0.00810135,0.00496324,0.0227618,0.0207545,0.0134812,0.162141,0.424241,0.170426,0.0338344,0.0197329,0.0138991,0.00774469,0.0110264,0.00870643,0.0169264,0.0165993,0.00404813,0.00224355,0.00423125,0.0115105,0.0630771,0.060448,0.0765227,0.116344,0.07828,0.0563036,0.0245863,0.0177872,0.0297623,0.0196053,0.0116665,0.0303503,0.0417647,0.0112547,0.00350237
129.288707483,0.101183,0.146767,0.0887063,0.0552492,0.0658591,0.0235663,0.00786645,0.00263647,0.0104842,0.0348637,0.0621475,0.0355191,0.0225833,0.0107563,0.0412136,0.0458362,0.0125489,0.0907852,0.302337,0.107863,0.00951123,0.00677731,0.00693585,0.0202145,0.0282571,0.0134659,0.0428207,0.0542388,0.0238647,0.0106815,0.0121044,0.0241127,0.10905,0.0852732,0.0970476,0.160697,0.101319,0.0674965,0.061441,0.0363668,0.0221875,0.00780115,0.0361523,0.0804707,0.0705395,0.0268562,0.00810135,0.00496324,0.0227618,0.0207545,0.0102532,0.142772,0.406655,0.174389,0.0309109,0.0192965,0.0138991,0.00774469,0.0110264,0.00870643,0.0172229,0.0175219,0.00406612,0.00224355,0.00423125,0.0115105,0.0630771,0.0600984,0.0735892,0.115407,0.0884221,0.0545325,0.0245863,0.0177872,0.0297623,0.0196053,0.0116665,0.0308721,0.0418524,0.0112547,0.00350237
130.774784580,0.108857,0.151113,0.0902231,0.0550327,0.065838,0.0233635,0.00780717,0.00323692,0.0122166,0.0351935,0.0615953,0.0353209,0.0225833,0.0107476,0.0411744,0.0456976,0.0125534,0.0942362,0.305736,0.107557,0.00947298,0.00677441,0.00693349,0.0202358,0.0297556,0.016527,0.0439407,0.0548645,0.0245517,0.0110711,0.0121041,0.0241112,0.108646,0.081276,0.103896,0.175688,0.10535,0.067492,0.0614304,0.0363513,0.0222436,0.00776794,0.0373159,0.0813152,0.0711213,0.0276392,0.00785521,0.00496324,0.022752,0.020506,0.00854434,0.155089,0.42535,0.179153,0.0243072,0.0186257,0.0138979,0.00780278,0.0131289,0.013085,0.0183856,0.0174117,0.00394739,0.00222475,0.00423125,0.011523,0.0634706,0.0608785,0.0793381,0.117519,0.0855362,0.0531753,0.0245378,0.0177858,0.0297618,0.0196017,0.0118335,0.0301666,0.0433526,0.0124359,0.0035006
132.260861678,0.114593,0.162583,0.0971937,0.0550275,0.0658149,0.0234326,0.0078072,0.00389993,0.0130762,0.0356022,0.0636868,0.037579,0.0228839,0.0107292,0.0411676,0.0456784,0.0121707,0.0916929,0.303841,0.104576,0.0102019,0.00684218,0.00701596,0.0202389,0.0297345,0.0164647,0.0437745,0.0553526,0.0250096,0.0109145,0.0120903,0.0240978,0.108471,0.0814425,0.109749,0.183006,0.104107,0.0667203,0.0613553,0.0363513,0.0223844,0.0081771,0.0373931,0.0810545,0.0706733,0.0271473,0.00755432,0.00476675,0.022746,0.0202267,0.00599299,0.154756,0.427339,0.178824,0.0230236,0.0186716,0.0140204,0.00771133,0.0131464,0.0128675,0.0178929,0.0178965,0.00609008,0.00376112,0.00424417,0.0115225,0.0634358,0.0608138,0.078876,0.120627,0.0885771,0.0530015,0.0245319,0.0177722,0.0297829,0.0195745,0.0117474,0.0303352,0.0448914,0.0147744,0.00377922
133.746938776,0.120501,0.187771,0.119056,0.0583941,0.0658148,0.0234329,0.00780022,0.0038142,0.0122829,0.0309354,0.0565831,0.0349317,0.022898,0.0107355,0.0413002,0.0457908,0.0120187,0.0917086,0.307759,0.108489,0.0110266,0.00683644,0.00699972,0.0202353,0.0297511,0.0164733,0.0433934,0.0541428,0.0261644,0.0122956,0.012086,0.0241086,0.108486,0.0813689,0.128862,0.223841,0.126619,0.0670037,0.0611462,0.0361293,0.0223685,0.00830857,0.0375381,0.0809911,0.0707039,0.0271315,0.00752938,0.00476742,0.022674,0.0200906,0.00590921,0.160304,0.447896,0.198925,0.0268024,0.0186464,0.0139687,0.0076488,0.0131501,0.0128653,0.0175619,0.0176921,0.00609026,0.00376332,0.00425583,0.0116409,0.0635374,0.0605136,0.077006,0.121099,0.0893066,0.053009,0.0245397,0.0178644,0.0298191,0.0196813,0.0117675,0.0303419,0.0448533,0.0147748,0.00382171
135.233015873,0.120949,0.192474,0.122909,0.0575594,0.065632,0.0234187,0.00776498,0.00393264,0.0128752,0.0311583,0.0545099,0.0266407,0.0134164,0.00872108,0.0412837,0.045822,0.0147924,0.0977273,0.313157,0.110479,0.0096247,0.00390637,0.00537155,0.0198013,0.0298846,0.0166937,0.0436884,0.0542108,0.0240325,0.00505466,0.00512433,0.0222968,0.107856,0.0814305,0.135809,0.237442,0.133266,0.0669876,0.0598654,0.0337163,0.0208367,0.00746333,0.0379232,0.0820022,0.0709943,0.0272683,0.00791878,0.00476627,0.0224015,0.0196505,0.00505866,0.166607,0.461761,0.206097,0.0267993,0.0186464,0.0139096,0.00748924,0.0135852,0.0133853,0.0176,0.0176977,0.00639122,0.00418359,0.00425049,0.0115446,0.0633574,0.0606346,0.0810477,0.130154,0.094375,0.0530168,0.0245397,0.0178531,0.0297071,0.0192756,0.0110428,0.0296238,0.0450446,0.0166654,0.00539773
136.719092971,0.114919,0.195954,0.119252,0.0536101,0.0650604,0.0234187,0.00786331,0.00400635,0.0128859,0.0313484,0.0550179,0.0269304,0.013697,0.00909479,0.00569123,0.00632745,0.00552737,0.0998394,0.316177,0.111869,0.00977655,0.00397978,0.00540012,0.0198022,0.0298929,0.0167229,0.044017,0.0542823,0.0234988,0.00493563,0.00451938,0.0217209,0.0620405,0.0395454,0.127257,0.239719,0.133085,0.0656169,0.0594065,0.0336225,0.020895,0.00754807,0.0380306,0.0821665,0.0708845,0.0274666,0.00766497,0.00386698,0.00219263,0.00150726,0.00249103,0.168022,0.464408,0.207727,0.0268009,0.0144372,0.00307159,0.00223032,0.0135852,0.013555,0.0180099,0.0179572,0.00652893,0.00427499,0.00397909,0.0107502,0.0377576,0.0314127,0.0521187,0.118774,0.096795,0.0537719,0.024539,0.0128964,0.0181854,0.0145376,0.0112786,0.0300501,0.0456291,0.0170342,0.00539154
138.205170068,0.113538,0.182736,0.109979,0.043627,0.0337653,0.0164691,0.00799749,0.00453003,0.0136292,0.0315535,0.046443,0.0190864,0.0119676,0.00909529,0.00571966,0.00644218,0.0055385,0.0857847,0.256763,0.0965788,0.0100971,0.00397936,0.00535773,0.0197946,0.0299903,0.0170521,0.0435726,0.0522785,0.0242491,0.0052583,0.00454653,0.0217276,0.0620468,0.0397344,0.120329,0.212735,0.115489,0.0658323,0.0595836,0.0336258,0.0210268,0.00830658,0.0389083,0.082294,0.0596199,0.01802,0.00564896,0.00408625,0.00228382,0.00156954,0.00255007,0.141012,0.353739,0.169669,0.0275593,0.0144563,0.00309317,0.00237292,0.013837,0.0137574,0.0184025,0.0181463,0.00707989,0.00510767,0.00411363,0.010753,0.0377629,0.0317395,0.0524003,0.119213,0.0974435,0.0541591,0.0245409,0.0129082,0.0181901,0.0146073,0.0115791,0.0306194,0.0396496,0.0130763,0.00500067
139.691247166,0.0935661,0.154042,0.10458,0.0438115,0.0339005,0.0165448,0.00799749,0.00480555,0.0151695,0.0307644,0.0463832,0.019412,0.0119032,0.00807701,0.00193909,0.00234101,0.00609725,0.070632,0.197255,0.0831135,0.0102881,0.00395599,0.00535796,0.0198092,0.0302788,0.0108639,0.0218349,0.0399331,0.0244776,0.00535457,0.0042711,0.0149896,0.0319407,0.0313654,0.113929,0.202185,0.114207,0.0570918,0.0359756,0.0284586,0.0210381,0.00843946,0.0342811,0.0713209,0.0544524,0.018454,0.00615095,0.00424735,0.00230334,0.00156954,0.00380961,0.132711,0.320794,0.164229,0.021122,0.005163,0.00121335,0.00241197,0.0140298,0.0128333,0.00984258,0.011333,0.00716871,0.00446281,0.00404313,0.00688942,0.0210853,0.0287979,0.0406565,0.0905605,0.0839635,0.0529217,0.0151079,0.00878725,0.00861509,0.00867774,0.0116477,0.0295982,0.039087,0.0132566,0.00513432
141.177324263,0.0994518,0.157878,0.0978222,0.0132249,0.00739672,0.00840602,0.00816563,0.00566505,0.0163275,0.0168417,0.0163287,0.0104369,0.0121568,0.00883949,0.00193954,0.00237859,0.00740355,0.0630151,0.150978,0.0673062,0.0103194,0.00396257,0.00590773,0.020148,0.0304869,0.00899849,0.0176417,0.0368885,0.0252727,0.0056121,0.00477586,0.0149928,0.0320376,0.0310766,0.109959,0.199493,0.102313,0.0173012,0.0340247,0.0289283,0.0208776,0.00813557,0.0353294,0.0543928,0.0230877,0.0132657,0.00639449,0.00424899,0.00239985,0.0018953,0.00390125,0.10513,0.199495,0.121657,0.0212098,0.00488135,0.000899781,0.00312824,0.0144636,0.0137276,0.0117662,0.0131526,0.00813888,0.00430432,0.00326443,0.00705387,0.0214147,0.0265359,0.0336555,0.0873577,0.0870989,0.0530779,0.0151411,0.00912622,0.00764939,0.00887937,0.0127831,0.0226044,0.0269545,0.0119508,0.005438
142.663401361,0.0751697,0.155815,0.0964305,0.0130605,0.00785459,0.00874135,0.00859805,0.0056646,0.0134022,0.015295,0.0127718,0.00626621,0.0106096,0.00921492,0.00199088,0.0024062,0.0077175,0.0561093,0.12663,0.0592979,0.0106122,0.000738939,0.00275619,0.0194971,0.0307628,0.00874004,0.00959725,0.0133768,0.00778429,0.00612595,0.00510721,0.0150214,0.0315827,0.0221055,0.107052,0.197402,0.10015,0.00790499,0.0100226,0.0220868,0.021848,0.00786939,0.0266991,0.044044,0.0225222,0.0134259,0.00504409,0.00395305,0.00248877,0.00220695,0.00565709,0.104859,0.191634,0.108524,0.010299,0.000606841,0.00122248,0.00389285,0.0148494,0.0141344,0.0111563,0.0102577,0.00614901,0.00407871,0.00372414,0.00759955,0.0212303,0.0236557,0.0355745,0.0785497,0.0580053,0.0132967,0.0111745,0.00850435,0.00800813,0.00905788,0.012836,0.0206556,0.0217278,0.00913294,0.00577712
144.149478458,0.0746923,0.154977,0.0961311,0.0131637,0.00703437,0.00456318,0.00271385,0.00405478,0.00764179,0.00907026,0.0126473,0.00641102,0.00769833,0.00415847,0.00176911,0.00105939,0.00778651,0.0496407,0.112656,0.0589238,0.0113318,0.00122651,0.00193937,0.0013889,0.00349612,0.00710729,0.0100825,0.0136599,0.00806123,0.00629701,0.00487015,0.00499396,0.00221126,0.00577719,0.10709,0.198114,0.101665,0.00835113,0.00585135,0.00634249,0.00396441,0.00395732,0.00773539,0.0158201,0.0132884,0.0136212,0.00523898,0.00473115,0.00338724,0.00333033,0.00652813,0.0856701,0.146229,0.0949585,0.0103965,0.00072528,0.00137676,0.00359021,0.0135055,0.0143624,0.0102727,0.00860491,0.00629666,0.00441628,0.00379254,0.00307267,0.00181938,0.00472599,0.0343891,0.0787968,0.0586835,0.0135855,0.0112832,0.00871422,0.00710938,0.00313212,0.0031504,0.0105069,0.0176918,0.00950006,0.00591401
145.635555556,0.0738777,0.154419,0.0957979,0.0144123,0.00512284,0.00353205,0.00298485,0.00511029,0.00791117,0.0090718,0.0217168,0.0134065,0.00377791,0.00204248,0.00147624,0.00348292,0.0117774,0.0525345,0.114195,0.0578256,0.00945672,0.00116586,0.00309485,0.00214804,0.00353203,0.0071011,0.0108754,0.0147332,0.00723407,0.00401645,0.00238767,0.00241214,0.00152091,0.00589357,0.107413,0.197871,0.101533,0.00656967,0.00541965,0.00617081,0.00409228,0.00626072,0.00914247,0.0110568,0.011363,0.0116489,0.00318004,0.0028733,0.0036179,0.0043725,0.0068916,0.0844663,0.142392,0.0938042,0.0105792,0.000882288,0.00171827,0.00260803,0.00522749,0.00980883,0.00872314,0.00860036,0.00661011,0.00432889,0.00193798,0.00269176,0.00231771,0.0047686,0.0338371,0.077868,0.0538277,0.00652833,0.00845573,0.00557924,0.00208532,0.00243001,0.00359549,0.0109649,0.0181353,0.00952373,0.00356557
147.121632653,0.0805227,0.170068,0.10125,0.0128925,0.00341617,0.00242847,0.00375534,0.00545623,0.00851331,0.0109541,0.0235433,0.0149752,0.00468512,0.00214426,0.00143509,0.00356711,0.0127167,0.065053,0.139306,0.0603645,0.0159534,0.0257403,0.013393,0.00683522,0.00726975,0.0087804,0.0125438,0.0157324,0.00889331,0.00412601,0.00185773,0.00191487,0.00193911,0.00598578,0.107035,0.196309,0.0993461,0.004905,0.00519719,0.00896987,0.0130666,0.00811412,0.0103392,0.0145185,0.0136572,0.00944578,0.00352685,0.00292698,0.00385309,0.00437792,0.0166239,0.144708,0.23697,0.114813,0.0277129,0.0720768,0.0478087,0.00970256,0.00529662,0.00920032,0.00814029,0.00915351,0.013614,0.0105995,0.00250542,0.00250348,0.00254945,0.00502808,0.0331292,0.0765154,0.0544426,0.00804095,0.00868148,0.00556725,0.00213186,0.0024385,0.00361124,0.0105684,0.0321607,0.0233755,0.00669504
148.607709751,0.0712771,0.161457,0.0990882,0.0126265,0.00324264,0.00163988,0.00356968,0.00541188,0.00851574,0.011038,0.0239854,0.0150336,0.00468512,0.0022194,0.000598659,0.00324796,0.0119049,0.0642573,0.158433,0.090449,0.0215743,0.0256804,0.0133002,0.00683378,0.00726975,0.00878091,0.012077,0.0159652,0.00966592,0.00412601,0.00298543,0.0032147,0.00152762,0.00589234,0.0927854,0.183594,0.0973365,0.00518176,0.000834667,0.00515718,0.0128016,0.00809655,0.0103867,0.0147637,0.0142468,0.00996117,0.00352685,0.00321804,0.00248636,0.00305477,0.0162324,0.139049,0.230793,0.104302,0.0266896,0.0719963,0.047635,0.00969987,0.00529662,0.00933208,0.00869458,0.00977288,0.0137989,0.0106318,0.00318479,0.0021368,0.00230824,0.00501432,0.0323197,0.0738472,0.0523753,0.0055444,0.000754357,0.00192013,0.00401629,0.00281327,0.00383246,0.0114356,0.032519,0.0234435,0.00670177
150.093786848,0.0778823,0.169657,0.105254,0.0130828,0.00324143,0.00163988,0.00305918,0.00539672,0.00851574,0.00993834,0.0219129,0.0153831,0.00466559,0.0022194,0.000598659,0.00324449,0.0136719,0.0717013,0.172647,0.0947496,0.0210181,0.0256804,0.0132986,0.0068238,0.00727502,0.00883608,0.0119972,0.0156991,0.00944824,0.00407906,0.00278825,0.00248658,0.00137935,0.00562497,0.130039,0.247158,0.119396,0.00518176,0.000826581,0.00515718,0.0126921,0.00793601,0.0104037,0.0147639,0.0132811,0.00995134,0.00348468,0.00317304,0.00205202,0.0030314,0.0164029,0.163344,0.258511,0.118105,0.0269165,0.0719949,0.047635,0.00969214,0.00528121,0.00967864,0.00941947,0.0108423,0.0144963,0.010605,0.00312686,0.00189713,0.00218462,0.00498635,0.0339436,0.0770699,0.055752,0.00554401,0.000737672,0.00158811,0.0039403,0.00280225,0.00384609,0.0116176,0.0327614,0.0234967,0.00668284
151.579863946,0.10513,0.221384,0.122008,0.0105273,0.00471611,0.00422963,0.00305918,0.00535746,0.0122075,0.0197948,0.0268197,0.0153831,0.00466559,0.0022194,0.000598659,0.00324449,0.0136704,0.0696671,0.165208,0.0917992,0.0241735,0.0322604,0.0174515,0.00682367,0.00727067,0.00892945,0.01079,0.0107031,0.0128995,0.00407906,0.00278825,0.00248658,0.00137935,0.00562069,0.131574,0.221677,0.0996866,0.00458563,0.000915189,0.00542616,0.0128475,0.00788853,0.0116326,0.0134836,0.0207541,0.015105,0.00343694,0.00317304,0.00205202,0.0030314,0.0165693,0.146685,0.23857,0.103939,0.0252115,0.0724354,0.0481172,0.00969214,0.00528121,0.00907013,0.00772416,0.00863386,0.0145187,0.0108082,0.00312686,0.00189713,0.00218462,0.00719324,0.0414616,0.116279,0.0936883,0.00564828,0.000737672,0.00158811,0.00393729,0.0027827,0.00384671,0.00744281,0.0259178,0.023399,0.00668284
153.065941043,0.0941459,0.219839,0.133739,0.0107941,0.00471611,0.00422963,0.00305918,0.00537092,0.0151854,0.021102,0.0277063,0.0161206,0.00467959,0.0022194,0.00401588,0.00890593,0.0170627,0.0690661,0.157894,0.0889895,0.0241988,0.0322604,0.0174515,0.00682367,0.00727067,0.00967365,0.0162163,0.0196671,0.0162142,0.00407906,0.0027983,0.00450837,0.00289865,0.0052842,0.139302,0.254169,0.114461,0.00411896,0.000915189,0.00542616,0.0129104,0.00791634,0.0140161,0.0205446,0.024879,0.0170249,0.00343694,0.00317304,0.00260799,0.00335814,0.0169426,0.1624,0.256415,0.113027,0.0249628,0.0724354,0.0481646,0.00971308,0.00528121,0.00939875,0.0100815,0.0102154,0.0148401,0.0112621,0.00326339,0.00371513,0.00553798,0.00830017,0.0430554,0.100764,0.067986,0.00533273,0.00154858,0.00270822,0.00450299,0.00298582,0.00539997,0.0105531,0.0315657,0.0255366,0.00668284
154.552018141,0.0923238,0.228856,0.141887,0.0107218,0.00471611,0.00422565,0.00316322,0.00439443,0.0132067,0.0206954,0.0279052,0.0160768,0.00467959,0.0022194,0.00401588,0.00890593,0.0160554,0.0674106,0.172277,0.102083,0.0248509,0.0322604,0.0174515,0.00674986,0.00539167,0.00577135,0.0140522,0.0188122,0.0154155,0.00368873,0.0027983,0.00450837,0.00289043,0.00483383,0.150688,0.275296,0.129889,0.00498349,0.000918082,0.00542403,0.0128539,0.00768893,0.011944,0.0190393,0.0237411,0.0151614,0.00340931,0.00317304,0.00260799,0.00335814,0.0167071,0.154537,0.254129,0.119078,0.0264908,0.0724354,0.0481646,0.00959713,0.00251228,0.00423803,0.00929967,0.0108816,0.0148401,0.0112621,0.00326339,0.00369659,0.00511268,0.00975041,0.0465877,0.137835,0.101213,0.0058463,0.0015986,0.00270822,0.00450299,0.00298582,0.0051527,0.0109467,0.0296703,0.024259,0.00668284
156.038095238,0.10098,0.233406,0.149643,0.0120031,0.00471611,0.00415422,0.00315921,0.00372445,0.012069,0.0197791,0.0253959,0.0136512,0.00437568,0.00221103,0.00400853,0.00890593,0.0182911,0.0793262,0.183983,0.103336,0.0241207,0.0321824,0.0173921,0.007054,0.00538417,0.00577023,0.0138485,0.0172762,0.0144151,0.00356733,0.00279348,0.00450813,0.00289043,0.00372692,0.15445,0.283351,0.136452,0.00551043,0.000910118,0.00542403,0.0130888,0.0076634,0.0116388,0.0188956,0.0233188,0.0150575,0.00326643,0.00317304,0.00260799,0.00335814,0.0168488,0.162681,0.266576,0.1246,0.0263985,0.072264,0.0480361,0.00971794,0.00229661,0.00412888,0.00916489,0.00966059,0.0121191,0.00952858,0.00318051,0.00369659,0.00511268,0.00999998,0.05372,0.13956,0.0991277,0.00560242,0.00155973,0.00270822,0.00479261,0.00318045,0.00483196,0.0100916,0.0275791,0.0217768,0.00628196
157.524172336,0.124922,0.262985,0.146523,0.00874379,0.00474036,0.00415398,0.00315815,0.00368076,0.0120259,0.0197854,0.025441,0.0136887,0.00462312,0.00219997,0.00387592,0.00878455,0.01929,0.0902263,0.199222,0.110336,0.0308947,0.032148,0.0173921,0.007054,0.00536759,0.00580564,0.0141877,0.0174702,0.0125035,0.00215207,0.00279112,0.00447116,0.00304531,0.00735957,0.153873,0.258168,0.116502,0.00541057,0.000910118,0.00542403,0.0130888,0.0075551,0.0118239,0.0196982,0.0235923,0.0150575,0.00366676,0.00404903,0.0026644,0.00343975,0.019356,0.169059,0.253283,0.109715,0.023185,0.072264,0.0479969,0.009717,0.00229283,0.0041288,0.00918669,0.00977489,0.0122854,0.0102268,0.00330152,0.00357815,0.00539371,0.0153532,0.0567676,0.149159,0.120327,0.00777512,0.00159536,0.00261593,0.00474037,0.00307143,0.00481186,0.0100562,0.0275612,0.0217764,0.00630541
159.010249433,0.126332,0.304578,0.172229,0.0121187,0.00474036,0.00489033,0.00699836,0.00879081,0.0149005,0.0214902,0.0259669,0.0138475,0.00459476,0.0021625,0.00387592,0.00875262,0.0165153,0.0912787,0.250705,0.13684,0.0322659,0.032148,0.0173921,0.00680057,0.00514635,0.00558523,0.0139847,0.0174428,0.0125043,0.00208776,0.00270558,0.00447116,0.00304531,0.00729797,0.224498,0.367414,0.158371,0.0070674,0.000910118,0.00542403,0.0130888,0.00702063,0.0103886,0.0192352,0.0246271,0.0153243,0.00318792,0.00374649,0.0026644,0.00336014,0.0193133,0.232193,0.331008,0.141391,0.0263862,0.072264,0.0479969,0.009717,0.00174441,0.00351656,0.00926411,0.00979084,0.0118633,0.00978128,0.00330152,0.00357815,0.00539371,0.0151846,0.0598873,0.161314,0.127622,0.00807336,0.00159536,0.00261593,0.00474037,0.00307143,0.00487447,0.0105831,0.0276588,0.0199382,0.00472923
160.496326531,0.144901,0.36084,0.212973,0.011987,0.00452678,0.00489033,0.00690003,0.0087171,0.0153671,0.0231069,0.0255366,0.0135578,0.00431418,0.00175125,0.0038279,0.00874685,0.0172994,0.0973433,0.264386,0.143799,0.0380124,0.0340565,0.0173717,0.00691038,0.00547476,0.0077718,0.0191523,0.0180054,0.0122401,0.00208414,0.00270558,0.00447116,0.00303609,0.00690731,0.228156,0.375939,0.165016,0.0135399,0.00308436,0.00571059,0.0153895,0.0123215,0.0166017,0.0252151,0.0249723,0.0147552,0.00317514,0.00374649,0.00265685,0.00334821,0.0184804,0.231318,0.340706,0.156682,0.0263846,0.072264,0.0486095,0.0135807,0.00874273,0.00866167,0.0112701,0.00953128,0.0117235,0.00968545,0.00330152,0.00357815,0.00539371,0.0143921,0.0866739,0.287775,0.197631,0.00731713,0.00159536,0.00261593,0.0046312,0.00296681,0.00461298,0.0100624,0.0269893,0.0195352,0.00463724
161.982403628,0.145388,0.361485,0.21258,0.0113116,0.00454482,0.00492458,0.00686402,0.00844452,0.0147989,0.0237429,0.0268894,0.0140588,0.00441625,0.00177269,0.00382547,0.00942579,0.0194636,0.102762,0.270778,0.142611,0.0378736,0.0341233,0.0174067,0.00697709,0.00555817,0.00763785,0.0192284,0.0191832,0.0135363,0.0044413,0.00472043,0.00490107,0.0030688,0.0071025,0.228918,0.377836,0.165818,0.0134904,0.00290722,0.00571151,0.0152693,0.0115947,0.0160719,0.0257047,0.0265214,0.016177,0.0035605,0.0036875,0.00258689,0.0038476,0.0206974,0.234181,0.343761,0.159129,0.0260288,0.0722888,0.0485879,0.0134381,0.00849464,0.00896159,0.0112369,0.0102867,0.0122832,0.00951281,0.00373336,0.00399955,0.005787,0.0145441,0.0873646,0.290513,0.200168,0.00781334,0.00168384,0.00277183,0.00528441,0.00354621,0.00474962,0.0097523,0.0270933,0.0196499,0.00472242
163.468480726,0.151215,0.366239,0.214506,0.0111329,0.00444547,0.00484889,0.00686487,0.00822242,0.0137475,0.023232,0.0273026,0.0139516,0.0041663,0.00173477,0.00382241,0.00942337,0.0189843,0.101743,0.27534,0.144359,0.0377985,0.0341083,0.0174165,0.00696244,0.00529214,0.00683682,0.0194596,0.020837,0.0142801,0.00443781,0.00473262,0.00487675,0.00306795,0.00725634,0.233857,0.383374,0.167081,0.0133249,0.00289309,0.0057005,0.0155006,0.0116399,0.0169133,0.0266921,0.0267775,0.0159925,0.00313048,0.00356584,0.00257063,0.0038542,0.0205967,0.246133,0.354333,0.160775,0.0259043,0.0722168,0.0485869,0.013399,0.0084505,0.00966998,0.0120632,0.0110964,0.0129057,0.00942386,0.00362625,0.00399457,0.00567671,0.0140922,0.0883482,0.294865,0.201505,0.00736543,0.00167877,0.00274415,0.00531194,0.0037708,0.00494479,0.0112289,0.0287838,0.0201206,0.00465044
164.954557823,0.146342,0.36414,0.215349,0.0112255,0.00438753,0.00438267,0.00658744,0.00735412,0.0126416,0.0217066,0.0267434,0.0136152,0.00391642,0.000973342,0.00382827,0.00937762,0.017708,0.09936,0.271271,0.142234,0.0379193,0.0341081,0.0169041,0.006659,0.00507241,0.00659213,0.0193422,0.0203111,0.013485,0.00418028,0.00422787,0.00488246,0.00286523,0.00682614,0.232913,0.381299,0.168565,0.0163243,0.00280574,0.00523193,0.0145105,0.0114956,0.0163139,0.0268421,0.0256484,0.0148328,0.00288694,0.0035642,0.00247555,0.00354639,0.0205091,0.245406,0.358275,0.164635,0.0258165,0.0722126,0.0483727,0.012495,0.00803664,0.00897015,0.0106473,0.010213,0.0119433,0.00942844,0.00362762,0.00383013,0.00534729,0.0143079,0.0852457,0.289123,0.201666,0.00843805,0.00164558,0.00240518,0.00502152,0.00317885,0.0040327,0.00919809,0.0265752,0.0190545,0.00446345
166.440634921,0.147711,0.367716,0.216988,0.0110099,0.00392965,0.00404734,0.00615501,0.00722888,0.0127623,0.0221814,0.0270774,0.0137051,0.00365466,0.000623036,0.00379006,0.00936921,0.0174191,0.0988076,0.271559,0.142997,0.0385678,0.0347124,0.016665,0.00644376,0.00478055,0.0063981,0.0198721,0.020733,0.0136056,0.00369957,0.00398097,0.00501445,0.00294701,0.00680064,0.237909,0.387537,0.170964,0.016423,0.00290751,0.00433176,0.0135967,0.0113758,0.0162035,0.0266252,0.0256402,0.0148555,0.00257938,0.00325237,0.00241963,0.00330718,0.0187669,0.243137,0.358798,0.165112,0.0258136,0.0721294,0.047919,0.0117457,0.00769488,0.00934187,0.0117061,0.0107805,0.0118364,0.00937211,0.00300378,0.00329584,0.00538171,0.0140646,0.0848575,0.288801,0.201446,0.0086071,0.00168159,0.00224329,0.00465763,0.00285341,0.00410376,0.0104724,0.0279866,0.0190292,0.00396952
167.926712018,0.151951,0.382,0.227236,0.0109281,0.00382087,0.00400187,0.00592093,0.00703167,0.0127653,0.0219985,0.0264993,0.0131064,0.0034023,0.000344627,0.00360655,0.00975806,0.0183934,0.102711,0.27705,0.143113,0.037852,0.0342242,0.0162743,0.00624515,0.0045424,0.00584204,0.0191912,0.0205262,0.013414,0.00349991,0.00370263,0.0047414,0.00254963,0.00623254,0.240051,0.391349,0.170432,0.0157374,0.00290395,0.00417436,0.0129794,0.0109612,0.016237,0.0265593,0.0258838,0.0150978,0.00270282,0.00263541,0.00158951,0.00254052,0.0181831,0.245768,0.365986,0.170727,0.025747,0.0720237,0.0477517,0.0116664,0.00757057,0.00906079,0.0114161,0.0107475,0.0117114,0.00903582,0.00269936,0.00297539,0.00519309,0.0141823,0.0860473,0.289262,0.201291,0.00842016,0.0018207,0.00208447,0.00379874,0.00202311,0.00408504,0.0104394,0.0277738,0.0188423,0.00396014
169.412789116,0.151794,0.381936,0.226758,0.00720523,0.00199049,0.00396896,0.00556953,0.00597616,0.012496,0.022002,0.0173676,0.00487416,0.00160549,0.000303535,0.0035936,0.00781429,0.0176554,0.10421,0.287749,0.147366,0.0384344,0.0340893,0.0150767,0.00547935,0.00438051,0.00554675,0.0179568,0.0199078,0.0131408,0.00340619,0.00373897,0.00471907,0.00229943,0.0058896,0.251847,0.415913,0.182361,0.0155217,0.0027843,0.00400161,0.0123714,0.00829018,0.0146951,0.0267855,0.0261942,0.0148865,0.00173822,0.00173407,0.00172462,0.00200906,0.0197929,0.257434,0.375624,0.171565,0.0254489,0.0718632,0.0474039,0.0112331,0.00733641,0.00908506,0.0115731,0.0108991,0.0110785,0.00862033,0.00253647,0.0029378,0.0046144,0.0138455,0.0873292,0.301543,0.213146,0.00971712,0.00202766,0.00230315,0.00364728,0.00182545,0.00364233,0.0102402,0.0277265,0.0187357,0.00376446
170.898866213,0.183617,0.45765,0.274251,0.00692362,0.00195833,0.00371697,0.00430389,0.00563023,0.0118938,0.0220113,0.0175721,0.00361188,0.00113092,0.000192846,0.0035936,0.00949915,0.0266546,0.098915,0.254224,0.145842,0.0405779,0.0114771,0.00437608,0.000534148,0.000642789,0.00386745,0.0163105,0.0189495,0.0114427,0.00298503,0.00366098,0.00445066,0.00184295,0.00838859,0.27861,0.446701,0.185756,0.0144453,0.00281836,0.00112608,0.00339708,0.00643677,0.0135779,0.0245141,0.0207976,0.011654,0.00125476,0.00159221,0.0014591,0.00200363,0.00977185,0.209145,0.355063,0.23548,0.0184846,0.000895067,0.00131346,0.00413856,0.00726729,0.00905556,0.0115223,0.00980092,0.00390099,0.00211505,0.00162562,0.00288741,0.00495582,0.0176972,0.0920186,0.302992,0.212591,0.00797521,0.00171099,0.0022704,0.00360073,0.00184928,0.00381296,0.0110137,0.0130867,0.00455094,0.000595751
172.384943311,0.183986,0.456924,0.274008,0.00692362,0.00193401,0.00383532,0.00448013,0.00571623,0.0119787,0.0219421,0.0171098,0.0035689,0.00113092,0.000117706,0.0035936,0.00949915,0.0317003,0.103561,0.231994,0.113664,0.0349359,0.0114771,0.0121138,0.0127873,0.00717792,0.0100427,0.0200205,0.0184152,0.0106884,0.00299304,0.00245513,0.00270383,0.0021094,0.00946988,0.279226,0.442429,0.182735,0.0140271,0.00281836,0.00112608,0.00339708,0.00643677,0.013532,0.0242723,0.0205983,0.0123291,0.00193386,0.00130114,0.00132665,0.0167492,0.0434631,0.224399,0.343885,0.229079,0.0172569,0.000802907,0.00131346,0.00420211,0.00736216,0.00900276,0.0110191,0.00918551,0.00371618,0.00208272,0.000928893,0.00262959,0.00492961,0.0176971,0.0939382,0.306541,0.21395,0.00797486,0.00168014,0.00176277,0.00171631,0.0014745,0.00359175,0.0105891,0.0130646,0.0044862,0.000596372
173.871020408,0.172847,0.431115,0.257854,0.0082091,0.00224162,0.00438661,0.00491336,0.00572762,0.0119838,0.0219287,0.0172735,0.00371259,0.0022474,0.00137039,0.00401463,0.00949915,0.0299213,0.0945441,0.216018,0.110809,0.0367639,0.0116567,0.0126767,0.0135074,0.00733592,0.0100291,0.0199391,0.0182519,0.0108544,0.00330071,0.0025819,0.00271274,0.00241734,0.00972765,0.240051,0.370111,0.153546,0.0141784,0.00290718,0.00142555,0.00360175,0.00643983,0.0135204,0.025004,0.0213554,0.0137594,0.00401465,0.00210764,0.00134229,0.0167603,0.043229,0.199361,0.314835,0.216499,0.0175544,0.000814557,0.00133721,0.00429613,0.00855035,0.0104297,0.0112183,0.00898003,0.00350174,0.00214814,0.0010133,0.00273447,0.00506836,0.0176739,0.0910592,0.298364,0.209104,0.00818493,0.00209289,0.00198005,0.00177608,0.00155449,0.00361215,0.0105189,0.0130661,0.0047689,0.00112428
175.357097506,0.1481,0.370476,0.226802,0.00865038,0.000739113,0.00179686,0.00491336,0.00573116,0.0085388,0.011753,0.0110879,0.00372696,0.0022474,0.00137039,0.00401463,0.00949915,0.0300572,0.0936757,0.210692,0.114038,0.0389864,0.00520769,0.00852383,0.0135074,0.00765289,0.011297,0.0203063,0.0168993,0.00723856,0.00330071,0.0025819,0.00271274,0.00241734,0.0103907,0.227925,0.349951,0.152622,0.0215618,0.00299157,0.00115656,0.00344641,0.00798632,0.0157558,0.0241852,0.0139443,0.00837903,0.00401465,0.00210764,0.00134229,0.0167603,0.0430835,0.196501,0.313355,0.220161,0.0188609,0.000407447,0.000854978,0.00429613,0.00855035,0.0106018,0.0112851,0.00943916,0.00372466,0.00194492,0.0010133,0.00273447,0.00506836,0.0153897,0.09131,0.276324,0.181331,0.00811909,0.00209327,0.00198005,0.00177608,0.00155946,0.00370362,0.0105479,0.0131555,0.00502242,0.00143468
176.843174603,0.145332,0.351018,0.210893,0.00823323,0.000739113,0.00179686,0.00491336,0.00571771,0.00555391,0.0101467,0.0119656,0.00688501,0.00370574,0.00137039,0.000597412,0.00383771,0.027109,0.0916513,0.203812,0.110869,0.0396117,0.00520769,0.00852383,0.0135074,0.00765289,0.0105528,0.0152084,0.00840393,0.00417838,0.00330759,0.00257185,0.000690946,0.000891902,0.0100348,0.199262,0.296702,0.12961,0.021638,0.00299157,0.00115656,0.00338349,0.00795851,0.0133749,0.0174538,0.0104892,0.00736884,0.00441282,0.00213561,0.000786318,0.0164336,0.0431449,0.177789,0.283118,0.202543,0.0190439,0.000419345,0.000807606,0.00427519,0.00971389,0.0132501,0.0105716,0.0071254,0.003435,0.00152051,0.000876759,0.000916475,0.001715,0.0142908,0.0895279,0.273207,0.180388,0.00798022,0.00128237,0.000859941,0.00121038,0.00144458,0.00283888,0.00788983,0.00790165,0.00313213,0.00144131
178.329251701,0.14165,0.333246,0.197772,0.00834363,0.000739113,0.00179686,0.00467858,0.00568223,0.0055016,0.00979522,0.011722,0.00688501,0.00370574,0.00137039,0.000597412,0.00392664,0.0296001,0.0934482,0.188254,0.0984497,0.038972,0.00520769,0.00852383,0.0135074,0.00765289,0.0105528,0.0152155,0.00820829,0.00416008,0.00330759,0.00257185,0.000690946,0.000891902,0.01032,0.185811,0.273566,0.113413,0.0208617,0.00298868,0.00115656,0.00338349,0.00795851,0.0133377,0.0174502,0.0103564,0.00736884,0.00441282,0.00213561,0.000786318,0.0164336,0.0475325,0.18823,0.282551,0.1895,0.0179202,0.000419345,0.000807606,0.00427519,0.00971389,0.0132501,0.00990771,0.00631589,0.003435,0.00152051,0.000876759,0.000916475,0.001715,0.0126099,0.0876369,0.24397,0.15001,0.00724859,0.00122925,0.000859941,0.00121038,0.00144458,0.00283778,0.00750002,0.00778156,0.0031324,0.00144131
179.815328798,0.127163,0.31789,0.184149,0.0070353,0.000739113,0.00179686,0.00467858,0.00568223,0.00552551,0.0105048,0.0130918,0.00742427,0.00370574,0.00137039,0.000597412,0.00393264,0.0276671,0.0838311,0.176277,0.0983895,0.0393445,0.00520769,0.00849513,0.0131974,0.00765289,0.0107889,0.0161696,0.00878817,0.00416008,0.00330759,0.00257185,0.000690946,0.000951128,0.0114225,0.17999,0.259351,0.106635,0.0203348,0.00298868,0.00115656,0.0030077,0.00740376,0.0133377,0.0177389,0.0107008,0.00746508,0.00441282,0.00213561,0.000786318,0.0164336,0.0475655,0.180261,0.270354,0.184243,0.0179202,0.000419345,0.000807606,0.00414372,0.00971389,0.0132501,0.00990771,0.00631589,0.003435,0.00152051,0.000876759,0.000916475,0.001715,0.0123373,0.0817622,0.242836,0.152033,0.0081885,0.00122925,0.000859941,0.000895672,0.00122294,0.00283778,0.00750002,0.00778156,0.0031324,0.00144131
181.301405896,0.096431,0.263691,0.166659,0.00715281,0.000876748,0.00207382,0.00637248,0.0101463,0.00759729,0.0106672,0.013071,0.00739076,0.00344202,0.00143386,0.00112267,0.00490798,0.0280446,0.0766488,0.163293,0.0931015,0.0330721,0.00526296,0.00849513,0.0144809,0.0083639,0.0113307,0.0174085,0.00940372,0.00425993,0.00323872,0.00257185,0.000690946,0.000768571,0.00778853,0.161893,0.246422,0.10622,0.0204258,0.00299135,0.00313941,0.00742633,0.00916876,0.0130325,0.0171145,0.0109518,0.00818984,0.00404686,0.00125895,0.00148613,0.0167539,0.045741,0.171415,0.269803,0.184332,0.0193295,0.000510183,0.000807606,0.00414372,0.00971389,0.0135156,0.0113837,0.00768697,0.00368669,0.000812122,0.000743105,0.000916475,0.00129171,0.00713937,0.0767531,0.229831,0.131489,0.00608097,0.00118579,0.000859941,0.000895672,0.00122294,0.00289715,0.00862814,0.00955126,0.00363416,0.00139884
182.787482993,0.0933941,0.217038,0.136632,0.00392905,0.000876748,0.00123367,0.00243393,0.00506322,0.00443862,0.0084813,0.0122976,0.00778439,0.00416432,0.00234189,0.00125786,0.00490798,0.0286117,0.0725182,0.110933,0.0679017,0.0326569,0.00526966,0.00859876,0.0145269,0.00846097,0.0113567,0.0173714,0.0100665,0.00730357,0.00651205,0.00363984,0.000690946,0.000768571,0.00782441,0.0852843,0.126191,0.0590422,0.0189595,0.00319836,0.00450882,0.00918808,0.00952025,0.0130325,0.0163486,0.00962664,0.0077855,0.00427675,0.00178057,0.00166851,0.0167807,0.0466888,0.106834,0.18462,0.147506,0.0162656,0.000510183,0.000864993,0.00544151,0.0107202,0.0136954,0.0112133,0.00790123,0.0060433,0.00540829,0.00433489,0.00132884,0.00129171,0.00715174,0.0701315,0.210736,0.120211,0.00595345,0.00123223,0.00228373,0.00648966,0.00507589,0.00351984,0.00810126,0.0091091,0.00358139,0.00139884
184.273560091,0.0732652,0.158901,0.0960403,0.00371579,0.000763249,0.00123592,0.00254973,0.00578257,0.00510343,0.00718651,0.0123018,0.00781311,0.00421362,0.00237233,0.00134026,0.00492573,0.0276351,0.0661397,0.0977617,0.061127,0.0273079,0.00346411,0.00860533,0.0144364,0.00833898,0.00967746,0.0120253,0.00898825,0.00730633,0.0065315,0.00364961,0.000991324,0.00117677,0.00798593,0.0829038,0.118939,0.050721,0.0120298,0.0010255,0.00418992,0.00682903,0.00440026,0.00810956,0.0110155,0.00861403,0.0077855,0.0043296,0.00182181,0.00173288,0.0167919,0.0472985,0.107948,0.17547,0.133101,0.0171972,0.000510183,0.000174537,0.00152229,0.00385353,0.00883778,0.00893491,0.00791073,0.00604451,0.0054238,0.00448065,0.001404,0.00130424,0.0073042,0.0411402,0.0818251,0.0487583,0.00605145,0.00123223,0.00228425,0.00670108,0.00630635,0.00450878,0.00828866,0.0091972,0.00379608,0.00145639
185.759637188,0.0727381,0.161097,0.0971161,0.00435521,0.000942772,0.0014366,0.00309624,0.00601349,0.00526327,0.00731133,0.0119028,0.00774483,0.00415331,0.00235039,0.00131426,0.00426135,0.0255224,0.059944,0.0885156,0.0594093,0.0271262,0.00340056,0.00866658,0.0151674,0.00857561,0.0105048,0.014632,0.011777,0.00755284,0.00414525,0.00161383,0.000576486,0.0011459,0.00763299,0.0814364,0.116544,0.0495315,0.0118935,0.00107029,0.00419767,0.0068837,0.00440493,0.00833189,0.0131031,0.0107808,0.00728559,0.00404413,0.00166713,0.00171408,0.0162401,0.045169,0.104421,0.172982,0.13033,0.016892,0.000567006,0.000230176,0.00161848,0.00401914,0.00840601,0.0086526,0.00727562,0.00539331,0.00496012,0.00394297,0.000981116,0.000905736,0.00695543,0.0418345,0.0832978,0.0470815,0.0053118,0.00125758,0.0021166,0.00604309,0.00566313,0.00412675,0.00803571,0.00885755,0.0037372,0.00129356
187.245714286,0.0655009,0.154261,0.0978156,0.00876663,0.00160727,0.0014366,0.00309539,0.00614863,0.006094,0.00881578,0.0121861,0.00795775,0.00502446,0.00359627,0.00141862,0.00426135,0.0254098,0.0576484,0.0823292,0.0574595,0.0271436,0.00340056,0.00865648,0.0151712,0.00859793,0.0105572,0.0151195,0.0192987,0.0192715,0.0096396,0.00238019,0.000745294,0.00128062,0.00680282,0.0725022,0.107278,0.0470385,0.0120387,0.00118325,0.00417772,0.00709658,0.00448598,0.00764776,0.0159933,0.0143385,0.00824571,0.00408865,0.00221075,0.00373405,0.0176673,0.0440103,0.0897803,0.159713,0.128031,0.0172086,0.000574817,0.000230176,0.00166226,0.00387853,0.00746731,0.0092811,0.00929686,0.00557521,0.00526836,0.00497369,0.00225175,0.00180856,0.00720179,0.0403058,0.0782746,0.0444888,0.00519366,0.00124933,0.00211459,0.00601791,0.00539959,0.00397085,0.00652921,0.0070521,0.00309293,0.00124538
188.731791383,0.0667425,0.159898,0.104118,0.0107353,0.00163243,0.00121086,0.00307543,0.00725734,0.00727015,0.00847471,0.0114142,0.00775031,0.00503725,0.00359521,0.00140797,0.00427185,0.0257765,0.058808,0.0827232,0.0567895,0.0270755,0.00343239,0.00861919,0.015136,0.00887045,0.0106017,0.0144832,0.0187435,0.0192715,0.00963994,0.00238358,0.000738423,0.00176528,0.00947408,0.080763,0.113081,0.0438894,0.00920673,0.00127227,0.00418414,0.00699119,0.00436462,0.0072811,0.015692,0.0139653,0.00762463,0.00408972,0.00222325,0.00403403,0.0214511,0.0572037,0.0994542,0.15433,0.122034,0.0172206,0.000570416,0.000223123,0.00165562,0.0038586,0.0072935,0.00901551,0.00845208,0.0055752,0.00526307,0.00497095,0.00225175,0.00328494,0.0111251,0.0438775,0.0819842,0.0512692,0.0101706,0.00124978,0.00211459,0.00593891,0.00537176,0.00374762,0.00628793,0.00673076,0.00286077,0.00112869
190.217868481,0.064119,0.155306,0.105524,0.0120458,0.00176416,0.00121676,0.00308147,0.00733712,0.00717155,0.0083967,0.0111718,0.00739496,0.00493387,0.00357008,0.0013965,0.00436282,0.0258727,0.0591796,0.084798,0.0583623,0.0269829,0.002852,0.00851566,0.0151398,0.00886391,0.0105938,0.0138966,0.0186727,0.0191836,0.0096068,0.00229912,0.000577879,0.00167913,0.00955279,0.0758572,0.107335,0.0432674,0.00987638,0.000958982,0.00389519,0.00694771,0.00432778,0.00722181,0.0155921,0.0145363,0.00787633,0.00402065,0.00215963,0.00400104,0.0213801,0.057483,0.0993572,0.154248,0.126716,0.0205721,0.00100163,0.000153975,0.00164139,0.00381457,0.00644281,0.00746912,0.00752695,0.00533872,0.00525629,0.00495105,0.00221382,0.00324949,0.0106493,0.041859,0.0809448,0.0517506,0.0100641,0.00121502,0.00210719,0.00593966,0.00537033,0.00319188,0.00495411,0.00519088,0.00271729,0.00115568
191.703945578,0.0629017,0.148347,0.0984977,0.0125441,0.0029371,0.00198198,0.00308551,0.00731768,0.00742369,0.00891904,0.0109405,0.0072109,0.00477465,0.00355595,0.00126991,0.00363461,0.0252112,0.0566705,0.079996,0.0578424,0.0274241,0.00421734,0.0101687,0.0163912,0.010318,0.0108919,0.0143579,0.0189314,0.0191041,0.00960394,0.00229546,0.000568658,0.00167118,0.0096069,0.0776772,0.111444,0.0449271,0.0103966,0.0010362,0.00384514,0.00726225,0.004759,0.00737286,0.0155205,0.014205,0.0074414,0.00370233,0.0019985,0.00393269,0.0210561,0.0594398,0.103434,0.153278,0.121878,0.0205517,0.00105019,0.000136775,0.00168798,0.00438658,0.00714196,0.00750284,0.00748045,0.0053161,0.00525501,0.00494969,0.00221382,0.0032249,0.0109567,0.0445073,0.0879519,0.0558194,0.0105881,0.000975914,0.00205615,0.00610102,0.0053598,0.00312869,0.00488113,0.00505749,0.00253701,0.00102816
193.190022676,0.0631392,0.152484,0.100192,0.0132241,0.00343612,0.00208725,0.00308551,0.00733411,0.00742954,0.00899097,0.0111909,0.00752954,0.00571326,0.00426367,0.00177,0.00410642,0.0224687,0.0526313,0.0685245,0.0514134,0.0276317,0.00626448,0.0102779,0.0163919,0.0102585,0.0107998,0.0137599,0.0186823,0.0198396,0.0109327,0.0028734,0.000776669,0.00176669,0.00985833,0.0664783,0.0902352,0.0340036,0.0109347,0.00295389,0.00471401,0.00726596,0.00481099,0.00718779,0.0157828,0.0146995,0.00764077,0.00370233,0.00214808,0.00443622,0.0225048,0.0585933,0.0930161,0.147514,0.121251,0.0207106,0.00107672,0.0004686,0.00169791,0.00436596,0.00698176,0.00782915,0.00767984,0.00530665,0.00567466,0.00539529,0.00357541,0.00542582,0.0115856,0.0433458,0.0756273,0.043681,0.00916358,0.00131488,0.00202285,0.00611917,0.00639784,0.0033229,0.00488772,0.00479093,0.00242297,0.00110053
194.676099773,0.0256072,0.0636103,0.0479815,0.0137532,0.00367343,0.00245886,0.00308551,0.00733411,0.00743286,0.00708449,0.00889453,0.00760268,0.00537391,0.00422959,0.00189386,0.00247482,0.0136327,0.0426207,0.0668467,0.040567,0.0141116,0.00417827,0.0102779,0.0182012,0.0116425,0.0110723,0.0138635,0.0189171,0.0200437,0.0109327,0.0028734,0.0011161,0.00407187,0.00869045,0.040705,0.0609988,0.0299823,0.0114579,0.00311761,0.00536343,0.00872861,0.00550074,0.0074115,0.0146359,0.014194,0.00761713,0.00370233,0.00214808,0.00448197,0.0227535,0.0589143,0.0806027,0.0737384,0.0362179,0.0137381,0.00844931,0.00304019,0.00170585,0.00436596,0.0069977,0.00794682,0.0080343,0.00549233,0.00570445,0.00539529,0.00416931,0.00686795,0.00919717,0.039026,0.0782733,0.046159,0.0123265,0.00529792,0.00248062,0.00686916,0.00675627,0.00320122,0.00412294,0.00406574,0.00246691,0.00124691
196.162176871,0.0249783,0.0641607,0.049909,0.0142275,0.00389543,0.0024407,0.00322125,0.00747031,0.00762538,0.0073809,0.00901011,0.00758709,0.00572893,0.00529894,0.00209853,0.00247532,0.00859237,0.0339806,0.0664736,0.043932,0.0145926,0.00421136,0.00257442,0.00596341,0.00512338,0.00506747,0.0103248,0.0189843,0.0204671,0.01196,0.00328975,0.00149238,0.00415058,0.00779593,0.0395382,0.0615376,0.0305446,0.011569,0.0032655,0.0056211,0.00893684,0.0060912,0.00788991,0.0147592,0.0138087,0.00644,0.00306073,0.00215668,0.00480742,0.00825201,0.0258721,0.0636684,0.0745187,0.0393324,0.0154007,0.008641,0.00306109,0.00164685,0.00428686,0.00692547,0.00789967,0.00804021,0.00554133,0.006112,0.00643059,0.00459422,0.00697162,0.00928412,0.0371947,0.0756386,0.0466757,0.0129563,0.00549746,0.00278832,0.00698372,0.00677291,0.00332395,0.00381227,0.00377199,0.00247518,0.00126464
197.648253968,0.0273871,0.0657224,0.0469181,0.0124875,0.00361894,0.00188941,0.00278981,0.00745911,0.00762034,0.00728406,0.00846636,0.00702955,0.00477849,0.00410692,0.00170495,0.00251763,0.00979317,0.0381644,0.066197,0.0381797,0.0127055,0.00403174,0.00201152,0.00524324,0.00496011,0.00502589,0.0102063,0.0188817,0.0204869,0.0121736,0.00351807,0.00170716,0.00413608,0.00775037,0.0422858,0.0662292,0.0305431,0.0114177,0.00317669,0.00532163,0.00873217,0.00608814,0.00786292,0.0139181,0.0129839,0.00504883,0.00123566,0.00174087,0.00482397,0.00851952,0.0266805,0.0672602,0.0771727,0.0375144,0.0149201,0.00890948,0.00310989,0.00196055,0.00335364,0.00519125,0.00691408,0.00715224,0.0052258,0.00650865,0.00674108,0.00463745,0.00715816,0.00928064,0.0376004,0.0803225,0.0480227,0.012995,0.00548385,0.002859,0.00764161,0.0070742,0.0033395,0.00361462,0.00340438,0.00213946,0.000738285
199.134331066,0.0241735,0.060364,0.045051,0.0147052,0.00447467,0.00190322,0.00278981,0.00745557,0.00736691,0.00707082,0.00835497,0.00702497,0.00477849,0.00414887,0.00170495,0.00251763,0.00966674,0.0377841,0.0633264,0.0300623,0.00777485,0.00404311,0.00201152,0.00524324,0.00464314,0.00361022,0.00870434,0.0185702,0.0205035,0.0122583,0.00351807,0.00170716,0.00413839,0.0071473,0.0396873,0.0605405,0.0209667,0.00418244,0.00302795,0.00534164,0.00873217,0.00454165,0.00399347,0.0113439,0.0122383,0.0049998,0.0013094,0.0018017,0.00482397,0.00851959,0.0266902,0.0620282,0.0681868,0.0311675,0.013338,0.00889685,0.00311232,0.00196055,0.00335364,0.00501914,0.00679713,0.00659989,0.00469531,0.00651923,0.00674864,0.00463745,0.00715816,0.00941114,0.028899,0.0618865,0.0385515,0.013038,0.00548623,0.002859,0.00764161,0.00706924,0.00317797,0.00337329,0.00287338,0.00125502,0.000428031
200.620408163,0.0229827,0.0532615,0.0408704,0.0146291,0.00447816,0.00190322,0.00280087,0.0075037,0.00745827,0.00735576,0.0055492,0.00304305,0.00351207,0.00418398,0.00170495,0.00257888,0.00934978,0.0351893,0.0571019,0.0261515,0.00736141,0.00406505,0.00201152,0.00524324,0.00476444,0.00386609,0.00866137,0.0179628,0.0202316,0.0122514,0.00351807,0.00170716,0.00423548,0.00749587,0.0399708,0.06056,0.0206141,0.00461232,0.00328169,0.00535694,0.00873217,0.00500339,0.00499858,0.0111369,0.011369,0.00409008,0.000911228,0.00177373,0.00482397,0.00851959,0.026859,0.0620191,0.0678236,0.0321362,0.0138705,0.00895278,0.00311232,0.00196055,0.00221557,0.00206093,0.00485667,0.00640949,0.00464559,0.00648967,0.00674864,0.00463745,0.00716783,0.0110328,0.0295004,0.0600702,0.039266,0.0134009,0.00548767,0.00286421,0.00764635,0.00701663,0.00249382,0.00239918,0.00239362,0.00100772,0.000421404
202.106485261,0.0170984,0.0505171,0.0406695,0.0145059,0.0044895,0.00198295,0.00290381,0.0075037,0.00745136,0.00745305,0.00634738,0.0034059,0.00351207,0.00418398,0.00170497,0.00249538,0.00711967,0.0292456,0.0526308,0.0265351,0.00739453,0.00406513,0.00202876,0.00533281,0.00476595,0.00387464,0.00879983,0.018238,0.0202721,0.0123935,0.00380444,0.00175592,0.00424492,0.00728229,0.0305803,0.0464985,0.0176926,0.00457276,0.00329735,0.00538615,0.00890203,0.00508049,0.00501736,0.0112909,0.0117262,0.00430064,0.000911732,0.00187175,0.00484351,0.00852355,0.0221837,0.0466565,0.0509209,0.0276017,0.0133245,0.00897128,0.00320329,0.00200674,0.0022239,0.00271572,0.00617008,0.00660701,0.00464958,0.00649171,0.00679208,0.00465515,0.00717329,0.0103221,0.0223003,0.0490196,0.0355169,0.0134186,0.00549518,0.00290402,0.0077176,0.00706153,0.0025011,0.00291005,0.0026371,0.0010173,0.000421404
203.592562358,0.0173499,0.0451721,0.0375009,0.014523,0.0044895,0.00198295,0.00291951,0.00753535,0.00746525,0.00683728,0.00498518,0.00286665,0.00351207,0.00418398,0.00170497,0.00248941,0.00718118,0.026312,0.0466117,0.0241295,0.00703457,0.00406513,0.00202876,0.00533311,0.00478383,0.00368588,0.00799475,0.0176609,0.0202721,0.0123935,0.00380444,0.00175592,0.00418569,0.00597795,0.027058,0.045624,0.0176542,0.00457551,0.00329735,0.00538615,0.00890203,0.00508049,0.00502624,0.0111386,0.0114173,0.00420439,0.000911732,0.00187175,0.00484351,0.00852355,0.0222521,0.0455826,0.0499826,0.0268894,0.0134654,0.00897128,0.00320329,0.00200674,0.0022239,0.00272148,0.00620224,0.00661954,0.0046533,0.00649171,0.00679208,0.00465515,0.00717329,0.0101322,0.0217184,0.0450008,0.0315242,0.0125561,0.00549518,0.00290402,0.0077176,0.00706153,0.00251362,0.0029604,0.00267175,0.00101896,0.000421404
205.078639456,0.0164953,0.0434132,0.0367876,0.0149686,0.00459707,0.001731,0.00130134,0.00309035,0.00539457,0.00666085,0.00496629,0.00288226,0.00352344,0.00412051,0.0011809,0.00151163,0.00588065,0.0234719,0.0412261,0.0191665,0.00626945,0.00405708,0.00203285,0.00407056,0.00409691,0.00310366,0.00643838,0.016482,0.0200046,0.0124351,0.00380452,0.00175592,0.00419681,0.00623088,0.0279019,0.0435352,0.0157267,0.00449107,0.00345189,0.00340331,0.0044834,0.00331259,0.00501098,0.0110432,0.0108694,0.00347963,0.000881635,0.00188249,0.00408596,0.00811401,0.0216003,0.0424027,0.0437832,0.0218075,0.0114907,0.00888044,0.00320329,0.00200975,0.0022477,0.0024582,0.00477576,0.00518458,0.00426676,0.00650155,0.00679208,0.00465515,0.00717329,0.0100136,0.0209214,0.0427723,0.0300504,0.012542,0.00549518,0.00290402,0.0077176,0.00706686,0.00246994,0.00192186,0.000923707,0.000519002,0.000399362
206.564716553,0.0160308,0.0415059,0.0360251,0.014913,0.00462239,0.00173481,0.00129367,0.0029431,0.00481686,0.00646606,0.00502082,0.00242803,0.00282713,0.00330701,0.00108006,0.00153465,0.00545039,0.0209793,0.0383013,0.0174708,0.0054284,0.00405057,0.00193584,0.00405603,0.00400965,0.00310761,0.00642886,0.0158164,0.0169876,0.00918465,0.00275362,0.00176309,0.00459984,0.00714299,0.027748,0.0417579,0.0147068,0.00433204,0.00324532,0.00203484,0.00272717,0.00296808,0.00501762,0.0110611,0.010919,0.00353385,0.000751486,0.00145851,0.00392238,0.00828555,0.020919,0.0372504,0.0373618,0.019847,0.0114206,0.00892197,0.00315351,0.000762463,0.0013739,0.00236537,0.00482867,0.00491221,0.00192128,0.00195225,0.00322053,0.00424594,0.00719371,0.0100442,0.0205012,0.0409013,0.029453,0.0131663,0.00625564,0.00157386,0.00214744,0.00322483,0.00180057,0.00198181,0.000946159,0.00052156,0.000403542
208.050793651,0.0159359,0.0408841,0.0347753,0.0151591,0.00512094,0.0020697,0.00142864,0.00225483,0.00398059,0.00611095,0.00500835,0.00241324,0.00277782,0.00327656,0.000997662,0.00156193,0.00525743,0.0193792,0.0358363,0.0169563,0.00663024,0.00512057,0.00216988,0.00403585,0.00390384,0.00288038,0.00632494,0.0158558,0.0170078,0.0091652,0.00274386,0.00146271,0.00419165,0.00702453,0.0260124,0.0388766,0.0141678,0.00455526,0.00335683,0.00204641,0.00272717,0.00270247,0.003704,0.0101799,0.0113236,0.00380041,0.00085312,0.00141727,0.003858,0.00827437,0.0203093,0.0352614,0.0358964,0.0193349,0.0121891,0.00949001,0.00319956,0.000754993,0.00124467,0.00191891,0.00471037,0.00495057,0.00240826,0.00223773,0.00307477,0.00417079,0.00719757,0.00993769,0.0198557,0.0401661,0.0291667,0.0131222,0.00626377,0.00157334,0.00193601,0.00205772,0.00136172,0.00198111,0.0009197,0.000398438,0.000359992
209.536870748,0.0157946,0.0376888,0.0331129,0.0143668,0.00489879,0.00183266,0.000783966,0.00177281,0.0036641,0.00521124,0.00374519,0.00195845,0.00273049,0.00327997,0.0010429,0.00191691,0.00660319,0.020326,0.0364263,0.0171604,0.00665019,0.00511739,0.0020733,0.00323537,0.00348639,0.00185777,0.00330912,0.0118071,0.0148179,0.00888873,0.00274054,0.00144472,0.0042285,0.00715558,0.0260383,0.0391885,0.0144854,0.00479153,0.00360533,0.00214145,0.00268678,0.00270476,0.00320492,0.00753655,0.00743548,0.00270125,0.000763126,0.00141166,0.00385557,0.00848681,0.0210488,0.035262,0.0345317,0.0185827,0.012065,0.00938953,0.00323809,0.000884796,0.00116319,0.0018628,0.00465192,0.0046828,0.00203259,0.00213828,0.00310854,0.004252,0.00759785,0.0103766,0.0183356,0.0359192,0.027819,0.0130025,0.00618488,0.00171464,0.00205785,0.00205194,0.00135287,0.00202201,0.000887043,0.000283179,0.00034408
211.022947846,0.0159923,0.0381655,0.029268,0.00999788,0.00446735,0.00207919,0.000986368,0.00172788,0.00242574,0.00302172,0.00249059,0.00153123,0.00185331,0.00202886,0.000938544,0.00191691,0.00662749,0.0204579,0.0344574,0.0161022,0.00663048,0.00537953,0.00217243,0.00332001,0.00355081,0.00212184,0.00298422,0.00286018,0.002186,0.00325708,0.00190024,0.0013439,0.00410269,0.00717649,0.026152,0.0391928,0.0144188,0.00466469,0.00363369,0.00219354,0.00223707,0.00245678,0.00257861,0.00393011,0.00378578,0.00152431,0.000662687,0.000955448,0.0019367,0.00706447,0.0210929,0.0355499,0.0350216,0.0181965,0.0116998,0.00938172,0.00323809,0.000841015,0.00115524,0.00164274,0.00290058,0.00182568,0.00113674,0.00181106,0.00227569,0.00316298,0.00672105,0.0101277,0.0186519,0.0368245,0.0279653,0.0130117,0.00618488,0.0017086,0.00203243,0.00202028,0.0011895,0.00192357,0.000871042,0.000277391,0.000330594
212.509024943,0.0138834,0.0295052,0.021303,0.00889139,0.00556823,0.00248154,0.000986368,0.000619514,0.00122023,0.00304513,0.00306144,0.00210189,0.00221236,0.00227795,0.000986959,0.00200742,0.00637635,0.0189359,0.0329673,0.0159801,0.00663296,0.0053917,0.00222364,0.00332975,0.00324828,0.00177855,0.00274333,0.00279432,0.00292815,0.00586572,0.00419531,0.00167182,0.00361803,0.00444719,0.0177372,0.0318264,0.0136435,0.00468369,0.004107,0.00248697,0.00229318,0.0025322,0.00255212,0.00317242,0.00395575,0.00166553,0.000690677,0.00107227,0.00197129,0.00382324,0.00819071,0.0237458,0.0328194,0.0181378,0.0120845,0.00989111,0.00339221,0.000852583,0.00116403,0.00174581,0.00324084,0.00227434,0.00127978,0.00188432,0.00236381,0.0032422,0.0054464,0.00611786,0.0145879,0.0315535,0.0179842,0.00684819,0.00622794,0.00173265,0.00205466,0.00205798,0.00127316,0.00216031,0.00106782,0.000352966,0.000502966
213.995102041,0.0145787,0.0292117,0.0179789,0.0076662,0.00545443,0.00247564,0.000980328,0.0005134,0.00119812,0.00262594,0.00257706,0.0020485,0.00221636,0.00231161,0.00148837,0.00234932,0.00636572,0.0188619,0.0303343,0.0133804,0.00589121,0.00535233,0.00222354,0.00332509,0.00324682,0.00177883,0.00273775,0.00221325,0.00275542,0.00593869,0.00420992,0.00171747,0.00391058,0.00529068,0.0189144,0.0327402,0.0128036,0.00411891,0.00403626,0.00248697,0.00228559,0.00252966,0.00255212,0.00317242,0.00300824,0.00111513,0.000690677,0.00126673,0.00364097,0.00696778,0.00989919,0.0239408,0.0316782,0.0130826,0.00861994,0.00941997,0.00339306,0.000851562,0.00116403,0.00172059,0.00305554,0.00213044,0.00127978,0.00187676,0.00236317,0.00331394,0.00626601,0.00783006,0.0160086,0.0314285,0.0178146,0.00815347,0.00729854,0.00175071,0.002055,0.00205798,0.00118089,0.00164376,0.000925318,0.000352418,0.000475773
215.481179138,0.0108812,0.022976,0.0149231,0.00719731,0.00425839,0.0017027,0.00103975,0.000545405,0.00102113,0.00196549,0.0025843,0.00204963,0.00221636,0.00231161,0.00148841,0.00237063,0.00594983,0.0177993,0.0304262,0.0136936,0.00552201,0.00388337,0.000570524,0.00207397,0.0018123,0.00153589,0.00222039,0.00184178,0.00277318,0.00594031,0.00420992,0.00171747,0.00392121,0.0052877,0.015082,0.0249456,0.0106666,0.0036729,0.00385268,0.00231315,0.00196988,0.00204057,0.00237286,0.00307264,0.00296059,0.00114838,0.00069142,0.00126674,0.00364681,0.00697807,0.00780301,0.0174011,0.0261887,0.0125366,0.00866545,0.00935886,0.00339306,0.000767816,0.000560952,0.00106498,0.00299868,0.00217242,0.00127978,0.00189883,0.0023654,0.00332079,0.0062839,0.00741801,0.0121447,0.0243149,0.0136535,0.00758912,0.00729286,0.00175071,0.00184649,0.00202725,0.00122335,0.00164465,0.000942457,0.000438949,0.000500552
216.967256236,0.0124051,0.0197654,0.0129026,0.00668234,0.00395058,0.00162682,0.00103975,0.000528973,0.00112037,0.00202121,0.00241977,0.00178626,0.00127774,0.00160389,0.000988326,0.00140065,0.00542941,0.0159732,0.0253341,0.0136289,0.00485258,0.00205112,0.00053511,0.00217535,0.00181538,0.00153953,0.00222832,0.00149194,0.00203832,0.00459344,0.00351911,0.00150952,0.00383238,0.00521931,0.0143499,0.0227404,0.00981526,0.00317331,0.00196072,0.00146383,0.0020208,0.00201359,0.00240299,0.00236035,0.00220836,0.000985357,0.00069142,0.00111716,0.00257121,0.00495729,0.00685313,0.0166392,0.0231925,0.0124644,0.00853185,0.00934696,0.00309131,0.000814937,0.000593765,0.00110478,0.00243098,0.0014667,0.00121305,0.00147972,0.00186052,0.00161179,0.00404915,0.00686555,0.012567,0.0253281,0.0140257,0.00730886,0.00656372,0.0014011,0.00182885,0.000994562,0.00105975,0.00149583,0.000925812,0.000456204,0.000426667
218.453333333,0.0111832,0.0167469,0.0118102,0.0071292,0.00388911,0.00128624,0.00103975,0.00053177,0.00111704,0.00202218,0.00216769,0.00138593,0.00115364,0.00162148,0.000885067,0.00141486,0.00468806,0.0151575,0.0242346,0.0126335,0.00692049,0.00504622,0.000893498,0.000366085,0.000432443,0.00126864,0.00210266,0.00127001,0.00190768,0.0047805,0.00373449,0.00122763,0.00159569,0.00380958,0.0141876,0.0217264,0.00784815,0.00297754,0.00209204,0.000855958,0.000558147,0.00133893,0.00207412,0.00226711,0.00220471,0.000985357,0.00069142,0.00111716,0.00252701,0.00481724,0.00667762,0.0173101,0.0242281,0.0126294,0.00503525,0.0017775,0.000528946,0.000807001,0.000593765,0.00108884,0.00231331,0.00111224,0.00103163,0.00160424,0.00197906,0.0013762,0.00286583,0.00540693,0.0122302,0.0213431,0.0103356,0.0043512,0.00325978,0.001213,0.00122607,0.00063135,0.0009957,0.0014566,0.00081763,0.000412412,0.00028603
219.939410431,0.0115224,0.0169326,0.0109745,0.00688854,0.00367023,0.00117013,0.000727773,0.000309634,0.00083437,0.00178576,0.00255005,0.00207117,0.00108691,0.000637728,0.000769979,0.00155678,0.0049952,0.014741,0.0205278,0.00934799,0.00644055,0.00507476,0.00106731,0.000596337,0.000549417,0.00113948,0.00200631,0.00128821,0.00151417,0.00375118,0.00333017,0.000828564,0.00157541,0.0051904,0.014052,0.0212715,0.00886896,0.00353589,0.00197581,0.000628508,0.000390222,0.00100248,0.00231096,0.00270122,0.0022402,0.00111204,0.000660352,0.00111478,0.00220611,0.00457467,0.00597937,0.0161603,0.0230468,0.00997596,0.00749497,0.00542805,0.00098706,0.000804164,0.000577995,0.00111638,0.00251275,0.00148843,0.00119456,0.00122867,0.000975921,0.000959889,0.0030035,0.00690119,0.0133897,0.0207863,0.00917071,0.00443943,0.00320208,0.00100031,0.00116784,0.000631347,0.000883275,0.00133366,0.000794724,0.000550553,0.000280668
221.425487528,0.00924638,0.0140837,0.0112938,0.00706113,0.00366315,0.00118442,0.000805858,0.000330438,0.00105776,0.00214822,0.00271012,0.0020744,0.000953397,0.000644225,0.000787559,0.00153693,0.00380707,0.0106366,0.0169533,0.00991487,0.00671296,0.00509223,0.00107969,0.000614047,0.000598982,0.00126982,0.00210425,0.00128646,0.00129637,0.00327857,0.00304701,0.000670201,0.00135486,0.00502911,0.0112616,0.0164856,0.00877628,0.00361451,0.0020227,0.000660365,0.000406328,0.00112653,0.00250255,0.00280281,0.00227743,0.00107478,0.000408594,0.000736453,0.00219783,0.00431678,0.00527296,0.0119496,0.0185986,0.0105925,0.00761922,0.00515551,0.00092207,0.000396584,0.000338035,0.00109238,0.00253411,0.00149831,0.00103515,0.000789834,0.000635191,0.000894059,0.00273579,0.0069181,0.012939,0.0161101,0.00773668,0.00420656,0.00282375,0.000746627,0.000526975,0.00030189,0.000982699,0.00153314,0.000880225,0.000561588,0.000279116
222.911564626,0.0121048,0.0160815,0.00826151,0.00433435,0.00290444,0.00122409,0.00095327,0.000528576,0.0011159,0.00216865,0.00274234,0.00207251,0.000954156,0.000604665,0.000789177,0.00158368,0.0039393,0.0106116,0.0157994,0.00958735,0.00687042,0.00520847,0.00133697,0.00093532,0.000733118,0.00126982,0.0021049,0.00129188,0.00128573,0.0031979,0.00304719,0.000673017,0.0013674,0.00523171,0.011962,0.0171161,0.00830483,0.0035893,0.00203794,0.00071693,0.000455244,0.00116115,0.00251246,0.00279694,0.00233219,0.00109875,0.000336506,0.000678654,0.00222871,0.0043449,0.00529737,0.0117013,0.0180734,0.0101444,0.00763974,0.00517655,0.00111929,0.000653557,0.000438683,0.00109308,0.00254168,0.00151968,0.00105563,0.000781215,0.000668573,0.000989143,0.00273935,0.00688624,0.0116666,0.014932,0.00718744,0.00432012,0.0028479,0.000837992,0.000576921,0.000303641,0.000999198,0.001576,0.000904446,0.000570928,0.00029872
224.397641723,0.0109197,0.0153408,0.00808314,0.00431438,0.00290096,0.00122638,0.000947159,0.000480445,0.00102454,0.00173573,0.00269168,0.00197227,0.000748239,0.00061494,0.000908281,0.00153917,0.004176,0.0131217,0.0201717,0.0102092,0.00650469,0.00521767,0.00134613,0.00093532,0.000611825,0.00101395,0.00181939,0.00125448,0.00142325,0.00380792,0.00373888,0.000809805,0.00151702,0.00498845,0.0110485,0.0153985,0.00776297,0.00371678,0.00198939,0.000714072,0.000460638,0.000699415,0.00150474,0.00262673,0.00233219,0.00109875,0.000337224,0.000741161,0.0024934,0.00466553,0.00502014,0.012014,0.0211,0.0099816,0.00693093,0.00510873,0.00111929,0.000654707,0.000421255,0.00108058,0.00254239,0.00151968,0.00112387,0.0010723,0.00101788,0.00108313,0.00273695,0.00521497,0.00766505,0.012518,0.00643218,0.00535414,0.00372349,0.00103835,0.000733946,0.000353494,0.00100001,0.00157608,0.000902366,0.000570928,0.00029872
225.883718821,0.0105858,0.0138257,0.00808827,0.00472952,0.00297314,0.00115261,0.00115399,0.00184111,0.00226136,0.00192145,0.00189319,0.00162138,0.000788844,0.000626223,0.00116143,0.00195566,0.00426896,0.0126957,0.0190514,0.00923392,0.00693295,0.00700143,0.00242864,0.00103203,0.000610307,0.00104834,0.00185667,0.00111812,0.00143758,0.00366579,0.00345251,0.00187118,0.00833404,0.0100674,0.0115039,0.0148642,0.00735298,0.00366809,0.00197641,0.000684867,0.000568967,0.00190643,0.00268789,0.00276771,0.00196043,0.000891267,0.000403677,0.000834849,0.00252713,0.00466255,0.00493586,0.0142236,0.0274595,0.0121058,0.00732072,0.00670405,0.00211786,0.000808778,0.00041292,0.000463825,0.00137392,0.00138215,0.00111988,0.00107027,0.000974428,0.00145189,0.00503723,0.00830358,0.00742933,0.0106186,0.00638016,0.00553638,0.00415422,0.000998539,0.000662692,0.000308593,0.00099187,0.0010615,0.000655359,0.000561078,0.00029872
227.369795918,0.00899358,0.0128043,0.00778902,0.00475354,0.00305975,0.00121957,0.0011842,0.00193305,0.00233838,0.00234777,0.00278629,0.00232496,0.00131531,0.00101905,0.00126301,0.00196815,0.00392271,0.0115563,0.0180239,0.00903319,0.00706962,0.00705681,0.00244557,0.00104315,0.000685616,0.0011467,0.00186469,0.00136256,0.0016213,0.00370788,0.00350952,0.00187905,0.00835149,0.0101181,0.0107729,0.0128891,0.00695404,0.00366887,0.00199084,0.000698566,0.00059495,0.00196398,0.0028544,0.00307847,0.00204328,0.00100913,0.000527896,0.00096572,0.00279585,0.00487583,0.00475715,0.0125928,0.024739,0.0114171,0.00718453,0.00670405,0.002125,0.000864192,0.000608663,0.000603755,0.00146688,0.00157009,0.00182738,0.00242593,0.00141596,0.00148771,0.00507546,0.00830403,0.0066581,0.0089078,0.00624596,0.00612408,0.00483307,0.00128977,0.000714959,0.000403024,0.00168994,0.00194741,0.000874455,0.000571871,0.000309138
228.855873016,0.00890018,0.012413,0.0072942,0.00409492,0.00290888,0.0013649,0.00144853,0.00197342,0.0024044,0.00234344,0.00279588,0.00231673,0.0013753,0.0011276,0.0013385,0.00197174,0.00386532,0.0103929,0.0167545,0.00831116,0.00649254,0.0070096,0.00244724,0.00102331,0.000661535,0.00121575,0.00183715,0.00132997,0.00158853,0.00366811,0.0035285,0.00196853,0.00838755,0.00995251,0.00938739,0.0122554,0.0067437,0.00353654,0.00236571,0.00100372,0.000640485,0.00194372,0.00283186,0.00295123,0.00201168,0.00102681,0.000683288,0.00165765,0.00305386,0.00488913,0.00475097,0.0120507,0.0239913,0.0114528,0.00754067,0.00692782,0.00217102,0.000861182,0.000585031,0.00061367,0.00139604,0.0015212,0.00180031,0.00243661,0.00142535,0.00149322,0.00508217,0.00826994,0.00627606,0.00783366,0.00568878,0.00608624,0.00484531,0.00132071,0.000832347,0.000437602,0.00167731,0.00191065,0.000883315,0.000604646,0.000330126
230.341950113,0.0103548,0.0133359,0.00901234,0.00845624,0.00398321,0.00148658,0.00145124,0.0019733,0.00239382,0.00394926,0.00452222,0.00452754,0.00339363,0.00143316,0.00133993,0.00194871,0.00372849,0.010024,0.0161156,0.00825117,0.0100967,0.00801271,0.00256445,0.000996308,0.000651715,0.00128162,0.00328572,0.00309912,0.00283924,0.00458821,0.0036896,0.00197673,0.00798451,0.00900452,0.00949486,0.0130213,0.00810894,0.00767927,0.00325624,0.00109051,0.000634959,0.00193674,0.00282522,0.00349227,0.00479649,0.00368989,0.0015411,0.00170644,0.00304445,0.00469085,0.00448442,0.0119396,0.0271162,0.0119701,0.00746728,0.0068863,0.00216341,0.000810676,0.000452503,0.000523964,0.00258271,0.00376712,0.00185046,0.00238974,0.00140513,0.00149005,0.00506175,0.00821951,0.00620867,0.0101815,0.00556191,0.0052711,0.0040384,0.00122708,0.000808527,0.000426683,0.00166137,0.00273525,0.00273076,0.000602088,0.000325945
231.828027211,0.0121583,0.0187424,0.0107786,0.00813573,0.00345588,0.00114945,0.00120047,0.00206088,0.00481102,0.00804275,0.00872581,0.00535054,0.00339363,0.00143316,0.00133993,0.00190368,0.00478633,0.0141009,0.0198442,0.00885886,0.00843307,0.00675628,0.00231571,0.000996308,0.000650391,0.00445967,0.00745018,0.00570949,0.00311634,0.00459081,0.0036896,0.00197673,0.00810251,0.00947799,0.0128194,0.0157484,0.00866343,0.00733457,0.00314335,0.00107893,0.000634959,0.00203673,0.00478164,0.00836119,0.00711765,0.0034539,0.00138662,0.00170644,0.00304445,0.00469085,0.00520034,0.0153931,0.02939,0.0106144,0.00580184,0.00631825,0.00211736,0.000810271,0.000450099,0.00180157,0.00693417,0.00743084,0.00189439,0.00209699,0.00140513,0.00149005,0.00504535,0.00824553,0.00827387,0.0149964,0.00601604,0.0052772,0.00403027,0.00122708,0.000808527,0.000407954,0.00140404,0.0064203,0.00680226,0.000934826,0.000311939
233.314104308,0.0146975,0.022851,0.0136225,0.00836786,0.00345588,0.00114945,0.00120047,0.00206256,0.00534802,0.0109184,0.012486,0.00726685,0.00363538,0.00142975,0.00129469,0.00141942,0.00344757,0.0153756,0.0236728,0.0126665,0.00934721,0.00683543,0.00231571,0.000996308,0.000650414,0.00516208,0.0118506,0.0114903,0.00588645,0.004688,0.0036867,0.00197294,0.00805754,0.00938679,0.0141728,0.0197731,0.0144655,0.00782144,0.00285006,0.000971866,0.00060924,0.00199804,0.00490039,0.0117613,0.0122656,0.00849023,0.00163293,0.00170644,0.00304445,0.00446846,0.00432196,0.0160684,0.0336384,0.0150394,0.00788894,0.00631806,0.00202319,0.000584271,0.000367167,0.00228288,0.0117054,0.012144,0.0040036,0.00222298,0.00134266,0.0014075,0.00466639,0.00863745,0.0117937,0.0197707,0.00826919,0.00576522,0.00400005,0.00108578,0.000686691,0.000425878,0.00279814,0.0138906,0.0117156,0.00218424,0.000281283
234.800181406,0.0189424,0.0288106,0.015609,0.00842479,0.00318697,0.000902921,0.000998073,0.00205291,0.00800377,0.0182605,0.0175581,0.00798027,0.00364893,0.00142728,0.00129469,0.00150177,0.00438727,0.018782,0.0290391,0.0144253,0.00933759,0.00657329,0.00221659,0.000907867,0.00076152,0.00654554,0.0168736,0.0147492,0.00613708,0.00464823,0.00357465,0.0018999,0.00804863,0.00956375,0.0179725,0.0260936,0.0157474,0.00776383,0.00270203,0.000919779,0.00060332,0.00204561,0.00688208,0.0170619,0.0147836,0.0084852,0.00161688,0.0015796,0.0029401,0.00445706,0.00518584,0.019099,0.0391716,0.0159158,0.0078854,0.00631806,0.00202319,0.000584271,0.00038632,0.00306346,0.01755,0.0163393,0.00431554,0.00220584,0.00113639,0.00122588,0.00464037,0.00867624,0.0131368,0.0261638,0.00933373,0.00580076,0.00400005,0.00108578,0.000686691,0.000425878,0.00296097,0.0187946,0.0161999,0.00259209,0.000281283
236.286258503,0.0203864,0.0321486,0.0181418,0.0078061,0.00193268,0.000500573,0.00101189,0.00237355,0.00866504,0.0203832,0.021654,0.00967113,0.00335837,0.00117819,0.00124627,0.00139045,0.0043579,0.0203063,0.0329619,0.0177753,0.0104055,0.00657771,0.00216538,0.000898123,0.00078196,0.00706397,0.0193997,0.0203149,0.00871205,0.00219081,0.00127619,0.00156995,0.00804863,0.00946723,0.0182495,0.0306907,0.0206557,0.00836839,0.0021397,0.000618781,0.000547216,0.00197018,0.00698455,0.0202711,0.0194388,0.0124583,0.00196163,0.00145027,0.0026041,0.00389655,0.00492293,0.0204086,0.0442896,0.0200966,0.00942288,0.00588291,0.00186907,0.000572703,0.000377529,0.00355054,0.021646,0.0201531,0.00662715,0.00241157,0.00104827,0.00114667,0.00443863,0.0088425,0.0169158,0.0311381,0.0118423,0.0065613,0.0039603,0.00106172,0.000664463,0.000388177,0.00410558,0.0249063,0.020617,0.00387176,0.000110421
237.772335601,0.022789,0.0316079,0.0174268,0.00758928,0.00191475,0.000500573,0.00107315,0.00459725,0.0146609,0.0223372,0.0218438,0.00963535,0.00335437,0.00114452,0.000750298,0.00128897,0.0086891,0.0228775,0.0330665,0.017648,0.0102987,0.00656511,0.00216538,0.000924937,0.00176755,0.0103394,0.0230511,0.0220397,0.00862843,0.00211785,0.00126158,0.00152431,0.00783187,0.0104616,0.0198142,0.031249,0.0200869,0.00813311,0.00212123,0.000618781,0.000551429,0.00236234,0.00858799,0.0236648,0.021699,0.012484,0.00196163,0.00125581,0.000934418,0.000761227,0.0035706,0.0221866,0.0482467,0.020793,0.00939732,0.00587128,0.00186822,0.000572703,0.000436899,0.00415813,0.0255422,0.0242555,0.00680761,0.00241157,0.00104827,0.00107444,0.0036164,0.00727038,0.0171514,0.0366095,0.0122948,0.00520837,0.00288845,0.0010361,0.000662207,0.000388177,0.0043656,0.0288966,0.0257919,0.00438361,0.000110421
239.258412698,0.0253308,0.0370079,0.0186663,0.00750916,0.00189113,0.000499217,0.00101382,0.0051341,0.0155513,0.0240555,0.0269089,0.0109954,0.00335437,0.00114452,0.000750256,0.00180465,0.0105309,0.0247171,0.0354382,0.0214978,0.0106149,0.00656334,0.00216538,0.000925991,0.00275607,0.0125044,0.024802,0.0256575,0.0110238,0.00211623,0.00126158,0.00152431,0.00798221,0.0118451,0.0222973,0.0327591,0.0228412,0.0082866,0.00211823,0.000618781,0.000551291,0.00323369,0.0106818,0.0268298,0.0243282,0.0125094,0.00196088,0.0012558,0.000928578,0.000855841,0.00460618,0.0255391,0.0520273,0.0208431,0.00934284,0.00587112,0.00186822,0.000572703,0.00089499,0.00555185,0.0304631,0.027538,0.00687412,0.0023895,0.00104603,0.00106759,0.00361339,0.00748383,0.0196161,0.0419765,0.0128993,0.00516116,0.00288536,0.0010361,0.000662207,0.000624742,0.00515189,0.0330385,0.0287586,0.00450778,0.000114569
240.744489796,0.03988,0.0494605,0.0211505,0.00725062,0.00169992,0.000469838,0.00101382,0.00518676,0.0223223,0.0364851,0.0335712,0.0115121,0.00335437,0.00114452,0.000750256,0.00180465,0.0123474,0.0352281,0.0445307,0.0242683,0.0104138,0.00634845,0.00209161,0.000816097,0.00275299,0.0180349,0.035514,0.0320302,0.0114539,0.00211201,0.00124548,0.00150241,0.00797552,0.013103,0.0294604,0.0409713,0.0270485,0.00825118,0.00209251,0.000599227,0.000470171,0.00320868,0.0134289,0.0347237,0.0299667,0.0163491,0.00196088,0.0012558,0.000928578,0.000855841,0.00689892,0.0312952,0.0566372,0.0263274,0.0108548,0.00585313,0.00183814,0.000515652,0.000862177,0.00795303,0.0366574,0.0325622,0.00942196,0.00241206,0.00104603,0.00106604,0.00361339,0.00783221,0.0264702,0.0485873,0.0156135,0.00574879,0.00288536,0.00101805,0.000661698,0.000619473,0.00590215,0.0418833,0.0343655,0.00499933,0.000109996
242.230566893,0.0409893,0.053452,0.0236362,0.00670702,0.00152409,0.000438804,0.00101382,0.00518396,0.0232726,0.0407045,0.0411091,0.0131562,0.0033535,0.00111328,0.000729649,0.00164174,0.0119859,0.0406304,0.053911,0.0299748,0.00880546,0.0033467,0.00173323,0.000816097,0.002752,0.0205524,0.0436137,0.0372857,0.0131711,0.00194015,0.0010301,0.00144487,0.00790704,0.013072,0.0351584,0.0506719,0.0308621,0.00770864,0.00176341,0.00055768,0.000470171,0.00319359,0.0141758,0.0496103,0.0414551,0.0165462,0.00196088,0.0012558,0.000927029,0.00074717,0.00677008,0.0389646,0.0723229,0.0310556,0.0107984,0.00580579,0.00182892,0.000515652,0.000862177,0.00881777,0.0570907,0.0502666,0.00976753,0.00225775,0.000927495,0.000707737,0.00270269,0.00721597,0.0309448,0.0664975,0.0202983,0.00541822,0.00220627,0.00074838,0.000514488,0.000591941,0.00672365,0.0537449,0.0477014,0.00583522,0.000104257
243.716643991,0.0423259,0.0539584,0.0228061,0.00647331,0.001523,0.000452704,0.00101382,0.00520416,0.0241766,0.0422004,0.0423864,0.0127095,0.00306522,0.00104969,0.00066668,0.00149933,0.0119394,0.0427446,0.058971,0.0320819,0.00880443,0.00328505,0.00152508,0.000570474,0.00266152,0.0211387,0.0465154,0.0424578,0.0134767,0.00193418,0.00101806,0.00142778,0.00758216,0.0115403,0.0372341,0.0598692,0.0390619,0.00745488,0.00173175,0.000527463,0.000429858,0.00293958,0.0135823,0.049853,0.0440974,0.0192579,0.00195872,0.00125017,0.000922474,0.000745694,0.00679925,0.0387804,0.072015,0.0326094,0.00874957,0.00196715,0.00135175,0.000513933,0.000862177,0.008832,0.056995,0.049923,0.0095556,0.00222576,0.000895325,0.000699132,0.00246135,0.00609298,0.0366744,0.0734822,0.0216579,0.00470014,0.00206442,0.000653375,0.000458153,0.000575299,0.00820171,0.0655671,0.0554055,0.00587514,8.45434e-05
245.202721088,0.047373,0.0633265,0.0254668,0.00636557,0.00149895,0.000438418,0.000933948,0.00518316,0.0239532,0.0453506,0.04394,0.0128613,0.00303678,0.000982667,0.000621651,0.00147686,0.0119268,0.0429418,0.0615849,0.0340196,0.00902072,0.00326835,0.00152941,0.000575715,0.00261195,0.0211339,0.0505271,0.044467,0.0134784,0.00188543,0.000946134,0.00137402,0.00751059,0.0114731,0.0379291,0.0619885,0.0397323,0.00743721,0.00168485,0.000495606,0.000422605,0.00282004,0.0135548,0.051555,0.0459221,0.0196096,0.00195476,0.00123806,0.000909397,0.000724952,0.00667093,0.0400643,0.075705,0.0335182,0.00854996,0.00195956,0.00134726,0.000518843,0.000847175,0.00883807,0.0586773,0.0514567,0.00992,0.0022465,0.000857569,0.000625005,0.00240376,0.00604127,0.03683,0.0750809,0.022594,0.00491949,0.0020436,0.000619103,0.000381363,0.000521448,0.00806966,0.0665635,0.0562122,0.0059152,8.45434e-05
246.688798186,0.044563,0.0603828,0.0252161,0.00625448,0.00141742,0.000384942,0.000786571,0.00498667,0.0239197,0.0459116,0.0458026,0.0131609,0.00309164,0.00101705,0.000620033,0.00143017,0.0119039,0.0437834,0.0627036,0.0333884,0.00816735,0.00300844,0.00127213,0.000254459,0.00247849,0.0211893,0.0510831,0.0462509,0.0137707,0.00188576,0.000946012,0.0013712,0.00749573,0.0112105,0.037339,0.0641554,0.0422166,0.00764488,0.00164549,0.00041903,0.000373689,0.00278555,0.0135528,0.0516388,0.0461045,0.0197861,0.0019559,0.00123504,0.000878518,0.000696835,0.00660738,0.0397283,0.0748201,0.0331033,0.00860658,0.00192027,0.00114761,0.000261871,0.000746526,0.00883734,0.061999,0.0560784,0.010005,0.00224453,0.000816636,0.000529921,0.00240054,0.0073226,0.0409494,0.0801503,0.0223114,0.00472303,0.0020167,0.000527739,0.000331417,0.000519741,0.00939993,0.0725132,0.0629364,0.00684096,8.53993e-05
248.174875283,0.0471148,0.0628794,0.0255156,0.00625482,0.00141769,0.000382656,0.000781629,0.00498693,0.0241317,0.0473085,0.0460491,0.0131748,0.00309269,0.000971666,0.000504638,0.00141372,0.0115755,0.0416753,0.0585317,0.032285,0.00815829,0.0029773,0.00126479,0.0002869,0.00251165,0.0213134,0.0517243,0.04651,0.0136344,0.00127574,0.000254322,0.00123441,0.00726928,0.0110944,0.0374352,0.0642865,0.0419111,0.00701198,0.0014406,0.000406584,0.000399722,0.00281898,0.0136033,0.052086,0.0464396,0.0198055,0.00196824,0.00117481,0.000614149,0.000397389,0.00621921,0.0376824,0.0706867,0.0316738,0.00860284,0.00192067,0.00114761,0.000266635,0.000746709,0.00884848,0.0622243,0.0562054,0.00994861,0.00197087,0.000470747,0.000436319,0.00239976,0.00732828,0.0410239,0.0802148,0.0217507,0.00327907,0.00114057,0.000322171,0.00017011,0.000435075,0.00940776,0.0726073,0.0629825,0.00684668,8.58307e-05
249.660952381,0.0469339,0.0627168,0.0249755,0.00585085,0.00138564,0.000424828,0.000517394,0.00362627,0.0228962,0.0471834,0.0465629,0.0133173,0.00313389,0.0010421,0.000251458,0.000991801,0.0112231,0.0410482,0.0582346,0.0327409,0.0078117,0.00119416,0.000166141,0.00010173,0.00251418,0.0212756,0.0517155,0.0475777,0.0139843,0.00127798,0.000254322,0.000137265,0.000443539,0.00594904,0.0368083,0.0662326,0.0443798,0.00761185,0.00143792,0.000424872,0.00013471,0.0015425,0.0124107,0.0518403,0.0465835,0.0200133,0.00190128,0.000985024,0.000597953,0.000396402,0.00621921,0.0348405,0.063522,0.0296015,0.00840355,0.000306839,0.000111663,0.000123855,0.000746709,0.00881046,0.0628171,0.0569219,0.00998697,0.00197087,0.00047347,7.62001e-05,0.000101885,0.00423604,0.0414411,0.0826209,0.0226181,0.00307717,0.000702323,0.000323211,0.00017114,0.000435075,0.00947606,0.0760171,0.0660762,0.00687318,8.58307e-05
251.147029478,0.0495274,0.0634565,0.0250154,0.00581094,0.00144064,0.000762866,0.00051306,0.00350313,0.0230501,0.047505,0.045769,0.0126154,0.00261295,0.000649274,0.000149928,0.000979279,0.0112474,0.0413727,0.0588299,0.0327001,0.00766325,0.00114007,0.000174149,0.000204739,0.00244832,0.0212364,0.051887,0.0474022,0.013818,0.00124703,0.000275428,0.000162582,0.000461177,0.00582816,0.0363878,0.0662342,0.0443931,0.00760863,0.00142893,0.000472848,0.00011707,0.00152614,0.0122863,0.0516107,0.0465287,0.0199036,0.00178063,0.000863174,0.000364698,0.000190827,0.00610723,0.0348282,0.0636343,0.0295324,0.00840049,0.000314704,0.000130525,7.34385e-05,0.000551455,0.00868176,0.0627616,0.0567645,0.00928835,0.000652104,3.70215e-05,4.23115e-05,6.51495e-05,0.00421108,0.0413335,0.0823995,0.0223661,0.0024123,2.406e-05,3.4278e-05,0.000120024,0.000343596,0.00877453,0.075126,0.0658703,0.00687257,8.0305e-05
252.633106576,0.0495002,0.0635006,0.0249768,0.00583041,0.00136308,0.000638724,0.000250178,0.0034848,0.0230562,0.0475636,0.0460009,0.0126531,0.00254281,0.000552703,0.000144723,0.00103243,0.0112894,0.0414529,0.0593986,0.0329618,0.00768994,0.00114473,0.000174882,0.000203944,0.0024488,0.0211696,0.0520432,0.0481784,0.0139782,0.00125094,0.000309952,0.000444248,0.000508415,0.00574483,0.0364777,0.0669909,0.0466377,0.00817001,0.000945562,0.000167692,7.15354e-05,0.00152614,0.0122863,0.0516893,0.0465885,0.0199235,0.00164549,0.000193899,9.53853e-05,0.000200008,0.00609605,0.034787,0.0637415,0.0293296,0.00813164,0.000175961,0.000136387,8.18922e-05,0.000551285,0.00871884,0.0632374,0.0568951,0.00930009,0.000631588,3.19501e-05,0.000132232,5.84423e-05,0.00436627,0.0428749,0.0831712,0.0224011,0.0023916,2.56907e-05,0.000269512,6.59556e-05,0.000303691,0.00899169,0.077731,0.0664981,0.006838,0.000166742
254.119183673,0.0484761,0.0653151,0.0237561,0.00144058,0.000264221,0.000513241,0.00024791,0.00349127,0.0231836,0.046291,0.0441951,0.01039,0.000504274,0.000152616,0.000108939,0.0010349,0.0113096,0.0415024,0.0587156,0.0313855,0.00398409,0.000234155,0.000141263,0.00028915,0.0024621,0.0211144,0.0507466,0.0464888,0.0127308,0.00042115,0.000171097,0.000512292,0.000527636,0.00582113,0.0356626,0.0654307,0.0449527,0.0040171,6.34712e-05,0.000100177,7.91255e-05,0.00153886,0.0123008,0.0511618,0.0437838,0.0172221,0.000723566,5.74961e-05,9.71012e-05,0.00020298,0.00610264,0.0346799,0.0604104,0.028665,0.00815322,0.000183246,0.000158036,8.93278e-05,0.000577503,0.00872795,0.062003,0.0546131,0.00923026,0.000636881,5.59447e-05,0.000155082,8.5616e-05,0.00439921,0.0428419,0.0806094,0.0220917,0.00240602,2.69421e-05,0.000270808,6.79484e-05,0.00030734,0.00900455,0.0768592,0.0646312,0.00683922,0.000168557
255.605260771,0.0463751,0.0589423,0.0214532,0.00140832,0.000305748,0.000521018,0.000248846,0.00341138,0.0205859,0.0420987,0.0399343,0.00961173,0.000618272,0.000183597,0.000137701,0.00119071,0.0103919,0.0373133,0.0539485,0.0297484,0.00404108,0.000268976,0.000151466,0.000289725,0.00237589,0.0177481,0.0466892,0.0438456,0.0124475,0.00044088,0.000203377,0.000518004,0.000443505,0.00567376,0.0327355,0.062017,0.0438134,0.00414984,0.000221276,0.000156395,0.000121601,0.00170802,0.0103517,0.0461319,0.0410517,0.0172343,0.000743973,0.000153765,0.000112431,0.000221368,0.00539109,0.0310832,0.0565062,0.0283486,0.00818739,0.000186774,0.000158036,9.19872e-05,0.000606519,0.00759499,0.0577854,0.0516918,0.00882169,0.000631157,5.59447e-05,0.00015521,9.09705e-05,0.00432864,0.0406388,0.0758498,0.0214541,0.00239813,2.69421e-05,0.000270808,7.01065e-05,0.000263475,0.00871346,0.0735652,0.0630945,0.00677313,0.000168557
257.091337868,0.0434886,0.0550999,0.019738,0.00152449,0.000305748,0.000521459,0.000260369,0.00344538,0.020034,0.0391636,0.036229,0.00777445,0.000385775,0.000237729,0.000145008,0.00130279,0.0105843,0.0350681,0.0493708,0.0258812,0.00362182,0.000472567,0.000165733,0.000367138,0.00252323,0.0171144,0.0422756,0.0381056,0.0097225,0.000358285,0.000204469,0.00052321,0.000451953,0.00560864,0.0311186,0.0571022,0.0376499,0.00340832,0.000266882,0.000201511,0.000125947,0.00172755,0.010191,0.0426866,0.0358643,0.0120993,0.000513815,0.000156373,0.000114352,0.000228973,0.00539088,0.029456,0.0512863,0.0237602,0.00610815,0.000195075,0.000161263,9.64342e-05,0.000608382,0.00710284,0.0530054,0.0469508,0.00663518,0.000415741,6.48535e-05,0.000162592,7.40809e-05,0.00333637,0.0368702,0.0706778,0.0189579,0.00185253,2.96458e-05,0.000280067,7.40437e-05,0.000247606,0.00727916,0.0660564,0.0581467,0.00544655,0.000170753
258.577414966,0.0391047,0.0485841,0.0176538,0.00159613,0.000395438,0.000525008,0.000260434,0.00333077,0.017306,0.0316776,0.0311138,0.00713203,0.000500989,0.000277451,0.000146596,0.00122045,0.00961538,0.0314945,0.0445203,0.0246117,0.00358814,0.000480522,0.00022045,0.000405431,0.00234275,0.0154408,0.0361351,0.0343638,0.00947872,0.000395769,0.000206558,0.000531265,0.000505817,0.00549129,0.0271701,0.050622,0.0381408,0.00548548,0.00086065,0.000211985,0.000127746,0.00173493,0.00822291,0.0368469,0.0333512,0.0120836,0.000668648,0.000261649,0.00013005,0.000229888,0.00449079,0.0263967,0.0459857,0.0231907,0.00610797,0.000195075,0.000161287,9.72533e-05,0.000592379,0.00631275,0.0476323,0.0439522,0.00642356,0.00041926,6.48535e-05,0.000162826,7.55012e-05,0.00612824,0.0421047,0.0648117,0.0178364,0.00189231,2.96458e-05,0.000280077,7.42646e-05,0.000248408,0.00722505,0.0614336,0.0542554,0.00529572,0.000179276
260.063492063,0.0376408,0.0450739,0.0148486,0.00128317,0.000424879,0.000537869,0.000251057,0.00301468,0.0166954,0.0296348,0.0266996,0.0048728,0.000425542,0.000279901,0.000165153,0.00127269,0.00956803,0.0298322,0.0401751,0.0209693,0.00244722,0.000442394,0.00022408,0.000425023,0.00235187,0.0149632,0.0336648,0.0287557,0.00624469,0.000267436,0.000209411,0.000534764,0.000604732,0.00579433,0.0266046,0.0453486,0.0329801,0.00459753,0.000860852,0.000211985,0.000129332,0.00173493,0.00806479,0.0334426,0.0281693,0.00795378,0.000296028,0.000266313,0.000137912,0.000230636,0.00445842,0.0250307,0.0407524,0.0188626,0.00417446,0.000121713,0.000162015,9.81285e-05,0.00059434,0.00570195,0.042954,0.0396018,0.00396809,0.000141095,6.52962e-05,0.000163323,7.82309e-05,0.00581257,0.0382499,0.0596503,0.0152328,0.00109325,2.92438e-05,0.000280322,7.77286e-05,0.0002554,0.00600761,0.0550916,0.0496418,0.00394152,0.000188805
261.549569161,0.034515,0.0447837,0.0148863,0.00227427,0.00260631,0.00166412,0.000292908,0.000793127,0.010701,0.0276813,0.0264767,0.0050502,0.00080109,0.000319377,0.000159587,0.000922952,0.00512712,0.0267107,0.0391592,0.0206643,0.0028337,0.000866235,0.0006088,0.000669887,0.00142324,0.011692,0.030058,0.0278561,0.00818377,0.00109672,0.000289413,0.000568935,0.000542457,0.00391529,0.0236037,0.0431835,0.0325667,0.00460592,0.000897227,0.000248745,0.000136774,0.00136134,0.00647563,0.0300655,0.0259103,0.00793758,0.000338866,0.000344632,0.000169504,0.000234193,0.00383065,0.0226633,0.0363594,0.0180919,0.00429668,0.000188774,0.000195632,0.000149364,0.000569719,0.00511584,0.0390963,0.0358202,0.00447277,0.000477898,8.36116e-05,0.000166827,9.5756e-05,0.00571936,0.0367246,0.0537768,0.0145115,0.00118747,6.50506e-05,0.000286472,8.10851e-05,0.000273901,0.00585088,0.0514144,0.044812,0.00365695,0.000301205
263.035646259,0.0315314,0.0393229,0.0160952,0.00363407,0.00271105,0.00166536,0.000345033,0.000356978,0.00972453,0.0259646,0.0214209,0.00369212,0.000802372,0.000349978,0.000445234,0.000519453,0.0032228,0.0244929,0.0357789,0.0163728,0.00244772,0.000869913,0.000610196,0.000670931,0.000415103,0.0094731,0.0282978,0.0242285,0.00577074,0.00109765,0.0002928,0.000568935,0.000384745,0.00246904,0.0208165,0.0423723,0.0341286,0.00815661,0.0017888,0.000283286,0.000143968,0.000492292,0.00432211,0.026823,0.0231591,0.0078809,0.000339345,0.000344919,0.000169504,9.65542e-05,0.00264806,0.0188792,0.0314902,0.017505,0.00431832,0.000402926,0.000472404,0.000465349,0.000221845,0.0037751,0.034176,0.0325046,0.00441183,0.000478348,9.16009e-05,0.000170676,0.000185014,0.00569469,0.0342634,0.0475999,0.013483,0.00118784,6.89176e-05,0.000286472,8.17778e-05,3.92551e-05,0.00502763,0.0472726,0.0418309,0.0034475,0.000274017
264.521723356,0.0187304,0.0260035,0.0132575,0.00363464,0.00271222,0.00166554,0.000345033,0.000304538,0.00284851,0.0134028,0.0146729,0.00312058,0.000802743,0.000351275,0.000445445,0.00052135,0.00111484,0.0129965,0.0259462,0.0134314,0.00244037,0.00114212,0.000781215,0.000693917,0.000421833,0.00393899,0.0175731,0.0178545,0.00535847,0.00113166,0.000320666,0.000652212,0.000476405,0.0011106,0.0127232,0.032656,0.0296011,0.00817644,0.00183244,0.000296603,0.000143968,0.000496078,0.00153098,0.0188277,0.0174257,0.00401726,0.000339345,0.000344919,0.000169504,9.65542e-05,0.000374687,0.0138231,0.027894,0.0123456,0.00282487,0.000403228,0.000472404,0.000465349,0.000224131,0.00133412,0.0279357,0.0274537,0.00186966,0.000572708,0.000349375,0.000351969,0.000319959,0.00543409,0.0268595,0.0397689,0.0102908,0.000550609,6.91942e-05,0.000338445,0.000213748,4.94087e-05,0.00424448,0.0383113,0.036111,0.0029141,0.000274378
266.007800454,0.0207365,0.0212328,0.00943781,0.00323385,0.00275521,0.00169936,0.000345033,0.000304538,0.00190561,0.00938051,0.00740675,0.00322798,0.003328,0.00227614,0.00166461,0.00052135,0.00111484,0.00599025,0.0146597,0.00737408,0.00182644,0.00114212,0.000781215,0.000693917,0.000424471,0.00145709,0.0095195,0.0125863,0.00359966,0.00112689,0.000324824,0.00109499,0.0188666,0.0373693,0.0165007,0.0220068,0.0252741,0.00817817,0.00183244,0.000297972,0.000163267,0.0020361,0.00328522,0.00394104,0.00593722,0.0038202,0.000339345,0.000399505,0.000202356,0.000135889,0.000381711,0.00382097,0.00838015,0.0058098,0.00283275,0.000403228,0.000473501,0.000486144,0.000233701,0.000469383,0.00750246,0.00974962,0.00168286,0.00266202,0.0056226,0.0047037,0.00149414,0.00543919,0.0221877,0.0215573,0.00555407,0.000553706,9.59924e-05,0.000349221,0.000213748,4.94087e-05,0.00342243,0.0264498,0.0227753,0.00207806,0.000274532
267.493877551,0.0314965,0.0279717,0.0112602,0.0032804,0.00275318,0.00168546,0.000345033,0.000284267,0.00275071,0.0112235,0.00563408,0.00298947,0.003328,0.00225413,0.001638,0.00052135,0.00638522,0.034119,0.0502594,0.0126799,0.0144898,0.0112301,0.00340514,0.000842809,0.000381926,0.000828995,0.00653764,0.00732232,0.00324577,0.00112689,0.000324824,0.00109499,0.0188666,0.0373334,0.0141362,0.012599,0.0161478,0.00780903,0.00183244,0.000297972,0.000163267,0.0020361,0.00565328,0.00904328,0.00493782,0.000968475,0.000335076,0.000398903,0.000202356,0.000135889,0.00818602,0.0507047,0.0817086,0.032604,0.0267094,0.0261244,0.00718299,0.000864499,0.000759673,0.000420882,0.00739478,0.00970714,0.00232148,0.00465541,0.00730163,0.00482265,0.00315389,0.0109891,0.0153572,0.0141989,0.00347981,0.000553706,9.59924e-05,0.000349221,0.000213748,4.94087e-05,0.00231502,0.030122,0.0193302,0.00188852,0.000274532
268.979954649,0.0373734,0.035921,0.0147659,0.00608946,0.0047259,0.00168546,0.000345409,0.000778842,0.00421454,0.00832801,0.00391659,0.00284271,0.00332391,0.002254,0.001638,0.00052135,0.00638703,0.0445924,0.0995135,0.0533246,0.0237938,0.0112924,0.00338844,0.000819858,0.000382502,0.00157955,0.00322177,0.00546151,0.00322793,0.00112689,0.000324824,0.00108342,0.0188653,0.0384261,0.0219712,0.0241879,0.0215723,0.00935188,0.00183344,0.000297972,0.000154413,0.00203159,0.0054892,0.00723971,0.00307591,0.000614866,0.000335076,0.000398653,0.000191526,0.000135889,0.0102912,0.0605635,0.111981,0.057996,0.0329604,0.0261244,0.00717993,0.000859453,0.000759673,0.000399756,0.00592904,0.00826379,0.00194232,0.00461145,0.00728522,0.0048145,0.00315389,0.0109892,0.0172635,0.0150668,0.00447242,0.00274479,0.000736262,0.000349221,0.000213748,4.94087e-05,0.00229174,0.0289261,0.0184379,0.00183717,0.000274532
270.466031746,0.0443929,0.0519168,0.0199113,0.00608833,0.00470019,0.00173336,0.000785076,0.00193635,0.00528367,0.00798446,0.00236114,0.0032579,0.00326829,0.00221722,0.001638,0.000928386,0.0100819,0.0561074,0.11598,0.0558421,0.023893,0.0112923,0.00338844,0.000969186,0.00114608,0.00280041,0.00325026,0.00383404,0.00294971,0.00112259,0.000324763,0.00108342,0.0188653,0.0388063,0.0271789,0.0297894,0.0241071,0.00925174,0.0018333,0.000300696,0.000953367,0.00536737,0.00904455,0.00772715,0.00346904,0.000535593,0.000340044,0.000398653,0.000191526,0.000158977,0.0146156,0.0929385,0.150377,0.062736,0.0330544,0.0261204,0.00717993,0.000865041,0.00241048,0.00347265,0.00333933,0.00381196,0.00197685,0.00464417,0.00728522,0.0048145,0.00315356,0.0156807,0.0344129,0.0444706,0.0201061,0.00637535,0.000736262,0.000349221,0.000254663,0.00102896,0.0038859,0.0236707,0.0124319,0.00260649,0.000316941
271.952108844,0.0424748,0.0597843,0.0280927,0.00769338,0.00485356,0.00173336,0.000785076,0.00193609,0.00519006,0.00717233,0.00302872,0.00433167,0.00384876,0.00231055,0.00163429,0.000928112,0.010091,0.0596674,0.129259,0.0647315,0.0271135,0.0116609,0.00338661,0.000936744,0.00111431,0.00270844,0.00295232,0.00501584,0.00566778,0.00256004,0.000683446,0.00112395,0.018845,0.0389371,0.0288539,0.0342541,0.0261814,0.00979421,0.0019205,0.000310571,0.000921939,0.00533657,0.00900835,0.0073596,0.00343669,0.00105232,0.000562571,0.000409625,0.000191205,0.000137792,0.0146554,0.0933864,0.162519,0.0787109,0.0372644,0.0261204,0.00718132,0.000875877,0.00246739,0.00355198,0.00519094,0.00736837,0.00370917,0.00494215,0.00731557,0.00481411,0.00315889,0.015815,0.0363181,0.0484927,0.021587,0.00637749,0.000736634,0.000349709,0.000263905,0.00109273,0.0040638,0.0237474,0.0124791,0.00291491,0.000469606
273.438185941,0.0500269,0.0675,0.0294662,0.00769312,0.00480208,0.00168523,0.00073953,0.00266242,0.00699471,0.00867007,0.00368037,0.00447002,0.00377703,0.00222882,0.00163429,0.000928112,0.0138333,0.0719375,0.148218,0.0672772,0.0275498,0.0116602,0.00338551,0.000935635,0.00111178,0.00351676,0.00736155,0.00883979,0.00603125,0.00255996,0.000683446,0.00111097,0.0188443,0.0390719,0.043522,0.0541005,0.0304582,0.00931292,0.0019205,0.000292284,0.000908769,0.00536763,0.0109726,0.012243,0.00689504,0.00108079,0.000562571,0.000407699,0.000154131,0.000137792,0.0197479,0.116619,0.183692,0.0810071,0.037245,0.0261204,0.00712772,0.000818396,0.00246739,0.00378348,0.00605885,0.00860906,0.00372493,0.00498144,0.00731285,0.00478778,0.00315102,0.0166141,0.0403944,0.0672232,0.0318235,0.00852957,0.000736634,0.00034867,0.000262875,0.00109273,0.0039964,0.0247838,0.017276,0.00612926,0.000469606
274.924263039,0.0531387,0.0872185,0.0462836,0.00892835,0.00466048,0.00128023,0.000697963,0.00277135,0.0075889,0.0113527,0.00596312,0.00537121,0.00397192,0.00222882,0.00163425,0.000928112,0.0139733,0.0725691,0.153733,0.0794031,0.0315715,0.0116589,0.00336058,0.000821204,0.00114385,0.00383101,0.00805724,0.00924231,0.00726561,0.00323122,0.000605326,0.00107777,0.0188092,0.040329,0.050448,0.066654,0.0361179,0.0119132,0.00191505,0.000230608,0.000900425,0.00533886,0.011488,0.0147629,0.00855453,0.00114791,0.000559007,0.000398678,0.000118666,0.000130083,0.0204416,0.11975,0.189588,0.085509,0.0372611,0.0261125,0.00710173,0.000813398,0.00264365,0.00464671,0.0065535,0.00942406,0.00502313,0.00494468,0.00730777,0.00478585,0.00314952,0.0176654,0.0446494,0.0720294,0.0381595,0.00987749,0.000736044,0.000346371,0.000261724,0.00109222,0.00481128,0.0268397,0.0186229,0.00639758,0.000486219
276.410340136,0.0749323,0.151836,0.0822339,0.0160517,0.00461814,0.00123402,0.00062079,0.00273026,0.00751565,0.0116737,0.00772821,0.00751304,0.00410428,0.00221685,0.00156278,0.000865926,0.0173833,0.0970669,0.203211,0.0937225,0.0329028,0.0116543,0.00335408,0.000820941,0.00114337,0.00382515,0.00932293,0.0110387,0.0103451,0.00382681,0.000551746,0.000706631,0.0187148,0.0413268,0.0938851,0.145019,0.0644536,0.0127205,0.00186635,0.000230608,0.000900425,0.00533923,0.0132076,0.0158556,0.00979744,0.00747035,0.00333517,0.000365277,0.000116355,0.000107331,0.0247956,0.161039,0.255944,0.111441,0.0418114,0.0260275,0.00704984,0.000804945,0.00264373,0.00586107,0.00728666,0.0122125,0.00984309,0.00525135,0.00730345,0.00469042,0.00314952,0.0187689,0.0560929,0.0912799,0.045514,0.0103958,0.000722182,8.01973e-05,0.000198404,0.00284112,0.00709113,0.0246922,0.0195021,0.00761138,0.00126241
277.896417234,0.124647,0.306275,0.171108,0.0204021,0.00461734,0.00123402,0.00061996,0.00272379,0.0100386,0.0249831,0.0228016,0.00746705,0.00409852,0.00221685,0.00156278,0.000863456,0.0180419,0.127371,0.331955,0.160586,0.0400837,0.0115615,0.00326387,0.000731227,0.00113008,0.00378457,0.0114104,0.0161314,0.0115542,0.00371367,0.000512411,0.000623225,0.0186956,0.0506477,0.161616,0.298591,0.104432,0.0138753,0.00185747,0.000210395,0.000892835,0.00532651,0.0136716,0.0193156,0.0137389,0.00745438,0.00329954,0.000355259,0.000105254,0.00010436,0.0251689,0.192472,0.356626,0.132954,0.0427224,0.0260202,0.0070282,0.000797509,0.00261752,0.00585196,0.00795204,0.0136966,0.0100948,0.00524606,0.00727945,0.00466757,0.00312235,0.0244361,0.0974156,0.24471,0.103641,0.0173535,0.000720931,7.89005e-05,0.000196411,0.00283747,0.00727671,0.026502,0.0217068,0.00761016,0.00126059
279.382494331,0.150289,0.405998,0.231392,0.0289152,0.00457582,0.00122624,0.000619024,0.00268705,0.0118759,0.027445,0.0231723,0.00740842,0.00398452,0.00218587,0.00153402,0.000707644,0.0248771,0.166776,0.412422,0.1816,0.0399341,0.0115267,0.00325367,0.000730652,0.00110864,0.00411624,0.0246204,0.0273573,0.0138993,0.00369134,0.00048013,0.000617512,0.0186617,0.0546467,0.236588,0.433487,0.172054,0.0194438,0.00169966,0.000154177,0.000850359,0.00505736,0.0156574,0.0257781,0.0157911,0.00741162,0.00327913,0.00025899,8.99244e-05,8.59718e-05,0.0350776,0.275687,0.493883,0.209047,0.0529793,0.0260167,0.0070282,0.00079485,0.0025885,0.00615163,0.0140288,0.0286813,0.0136894,0.00524354,0.00727945,0.00466744,0.003117,0.029828,0.127898,0.321665,0.155957,0.0187711,0.000720931,7.89005e-05,0.000194253,0.00283672,0.00768334,0.0379406,0.0334943,0.0100925,0.00126059
280.868571429,0.181758,0.486429,0.266202,0.0285582,0.00457582,0.0012258,0.000607501,0.00275303,0.0136147,0.030594,0.0234293,0.0072762,0.00397114,0.00213173,0.00152671,0.000595566,0.0270961,0.179935,0.439078,0.195024,0.0424648,0.011244,0.0032394,0.00065324,0.00145922,0.00562436,0.0258488,0.0282006,0.0141885,0.00365964,0.000479039,0.000612307,0.0186532,0.0605844,0.265946,0.469662,0.173601,0.0194255,0.00165406,0.000109061,0.000846013,0.00504079,0.0157138,0.0266262,0.0161509,0.00739141,0.00324464,0.000256382,8.8004e-05,7.83666e-05,0.0350701,0.28072,0.502616,0.213331,0.0530707,0.0260084,0.00702497,0.000790403,0.00258167,0.00680627,0.015592,0.0291141,0.0136981,0.00523606,0.00727054,0.00466006,0.00311257,0.0340795,0.140793,0.37751,0.19528,0.0267232,0.000711654,6.96416e-05,0.000190316,0.00283452,0.00767729,0.0380368,0.033606,0.0100818,0.00125688
282.354648526,0.18313,0.489652,0.267959,0.0286523,0.00450327,0.00122225,0.000607436,0.00330365,0.015298,0.031756,0.0236596,0.00732618,0.00386487,0.00209271,0.00152512,0.00148265,0.0303054,0.192172,0.465361,0.20363,0.0426768,0.011236,0.00318469,0.000614946,0.00152814,0.00575364,0.0261442,0.0293618,0.0148619,0.00362505,0.000476949,0.000604252,0.0185994,0.0607259,0.276519,0.486169,0.177839,0.0173461,0.00106029,9.85858e-05,0.000844214,0.00520824,0.0161968,0.0276243,0.017635,0.00764962,0.00309174,0.000151107,7.23053e-05,7.74519e-05,0.0432301,0.3174,0.559081,0.230853,0.0569292,0.0260084,0.00702494,0.000789584,0.00258072,0.00689725,0.0161552,0.0289896,0.0144919,0.00555222,0.00727054,0.00465983,0.00311115,0.0374532,0.150516,0.387758,0.199834,0.0282192,0.000711654,6.96317e-05,0.000190095,0.00284496,0.00791466,0.0383376,0.0344683,0.0106443,0.00131261
283.840725624,0.187718,0.50307,0.278366,0.0299889,0.00544697,0.00133558,0.000602994,0.00329819,0.0156318,0.0329121,0.0243479,0.00752253,0.00401377,0.00209026,0.00150657,0.0014304,0.0306629,0.205789,0.494732,0.214685,0.0450302,0.0120677,0.00318106,0.000595355,0.00153375,0.0070504,0.0273569,0.030611,0.01576,0.00388316,0.000474097,0.000600752,0.0185073,0.0624456,0.281314,0.490712,0.17829,0.0174995,0.00112577,9.85858e-05,0.000842629,0.00523614,0.017543,0.0289556,0.0179969,0.0077531,0.00309055,0.000146443,6.44438e-05,0.000174604,0.0454643,0.321534,0.563645,0.235466,0.0585848,0.0260921,0.00702422,0.000793717,0.00261816,0.00743313,0.0167236,0.0292438,0.0145007,0.00555798,0.00727252,0.00466578,0.0031742,0.0377823,0.154383,0.407477,0.216235,0.0287123,0.000708289,6.93872e-05,0.000192326,0.00285675,0.00844571,0.0391813,0.0348677,0.0107574,0.00131656
285.326802721,0.19141,0.505882,0.280134,0.0293346,0.00380116,0.000787524,0.000579541,0.00364639,0.0177891,0.0349386,0.0246397,0.00769724,0.00424358,0.00252047,0.00156639,0.00192082,0.035082,0.211198,0.495781,0.216197,0.0549133,0.0184703,0.00363857,0.000323555,0.00147679,0.00755123,0.0286114,0.0310962,0.0150021,0.00404619,0.000462597,0.000566582,0.0184919,0.0624497,0.28347,0.493747,0.189387,0.025975,0.00307936,0.00014361,0.000825446,0.00538141,0.0177533,0.0289922,0.0193063,0.012076,0.00676845,0.000484991,3.28518e-05,0.000160387,0.0454607,0.321535,0.577447,0.262224,0.0753892,0.0275789,0.0069906,0.000742481,0.00263645,0.00747391,0.0204695,0.0379182,0.0196561,0.0056866,0.00725421,0.00466228,0.00315667,0.0377015,0.15496,0.41711,0.229615,0.0315137,0.000672482,6.32369e-05,0.00018897,0.00283825,0.00836472,0.0432777,0.0426456,0.0143749,0.00120416
286.812879819,0.203024,0.508492,0.279117,0.0279748,0.00369642,0.000786285,0.000519736,0.00353581,0.0180154,0.0348903,0.0253641,0.00817705,0.0042423,0.00248987,0.00203814,0.00857565,0.0483329,0.212973,0.495954,0.216157,0.0549073,0.0184666,0.00363717,0.000348463,0.00171807,0.00805417,0.0287149,0.0313024,0.0152076,0.00404526,0.000459209,0.00101094,0.0218596,0.0666386,0.285852,0.494965,0.184566,0.0221889,0.00218779,0.000133081,0.00100876,0.00569714,0.0181838,0.0294023,0.0199446,0.0120753,0.00676825,0.000548085,0.000930328,0.00345739,0.0469898,0.324307,0.577752,0.262222,0.075366,0.0273648,0.00671383,0.000508052,0.00304996,0.00748172,0.0206438,0.0380555,0.0201623,0.00576598,0.00724622,0.00465843,0.00334986,0.0395844,0.15656,0.41957,0.236823,0.032602,0.000668616,8.50567e-05,0.000337491,0.00292336,0.00840344,0.0435487,0.0432052,0.0145007,0.00121691
288.298956916,0.200032,0.565798,0.335742,0.038892,0.00369525,0.000786104,0.000519736,0.00354013,0.0180794,0.0353066,0.0262213,0.00861556,0.00424193,0.00248858,0.00203793,0.00857375,0.0483323,0.223369,0.535183,0.244018,0.0611731,0.0186276,0.00346615,0.000325477,0.00171382,0.00808928,0.0313526,0.0328362,0.0179058,0.00507879,0.000431343,0.00092766,0.021768,0.0665419,0.289367,0.503629,0.193604,0.0247373,0.00214415,0.000119763,0.00100876,0.00569335,0.0192728,0.0303411,0.020631,0.0131836,0.00676825,0.000548085,0.000930328,0.00345739,0.0467945,0.32374,0.597785,0.286372,0.0809298,0.0273645,0.00671383,0.000508052,0.00304767,0.00819558,0.0212071,0.0386077,0.0204974,0.00564852,0.00698844,0.00447713,0.00321491,0.0394343,0.158099,0.426613,0.24403,0.0335861,0.000668339,3.30841e-05,0.000205521,0.00291403,0.0084821,0.0437839,0.0433826,0.0152557,0.00163682
289.785034014,0.238158,0.703007,0.407956,0.0398742,0.00365226,0.000752285,0.000519736,0.00354013,0.0212384,0.0503816,0.0451925,0.00746652,0.00172947,0.000563708,0.000818765,0.00857375,0.0511662,0.254141,0.609337,0.263401,0.0620468,0.0186276,0.00346615,0.000325477,0.00171118,0.00805208,0.0313066,0.0339358,0.0185987,0.00506836,0.000427186,0.000484882,0.00337779,0.0374629,0.359894,0.660014,0.230886,0.0248535,0.00214415,0.000118395,0.000989464,0.00415333,0.0167471,0.0309259,0.0220074,0.017085,0.00839278,0.000493499,0.000897476,0.00341805,0.0539833,0.370695,0.68172,0.306224,0.0843401,0.0273645,0.00671273,0.000487257,0.0030381,0.00972087,0.0238914,0.047041,0.0254992,0.00355921,0.00171522,0.000125405,0.00204073,0.0468461,0.192833,0.564067,0.323307,0.0485579,0.000641541,2.23078e-05,0.000205521,0.00367702,0.00982474,0.0457266,0.047762,0.0154844,0.00163667
291.271111111,0.235374,0.724906,0.413658,0.0402663,0.00365226,0.000752285,0.000519736,0.00354013,0.0195224,0.0472676,0.0457911,0.00746652,0.00172947,0.000563708,0.000818765,0.00857375,0.0467118,0.241778,0.615295,0.279243,0.0540215,0.0085397,0.00084223,0.000176585,0.00171118,0.00805208,0.0326457,0.0374439,0.0198465,0.00506836,0.000427186,0.000484882,0.00337779,0.0386799,0.37061,0.681543,0.239397,0.0251185,0.00214415,0.000118395,0.000989464,0.00415333,0.0142798,0.0258797,0.0220946,0.017085,0.00839278,0.000493499,0.000897476,0.00341805,0.0463771,0.330178,0.651925,0.310765,0.0642655,0.00163971,1.39028e-06,0.000108902,0.00251213,0.00989096,0.0266879,0.0530417,0.0263556,0.00156582,3.61912e-05,6.44914e-06,0.000380978,0.0408926,0.197116,0.594357,0.33672,0.0489759,0.000641541,2.23078e-05,0.000205521,0.00367702,0.00960579,0.0315362,0.0455856,0.0154844,0.00163667
292.757188209,0.228307,0.710364,0.408508,0.0373906,0.00167954,0.000752285,0.000751493,0.00601043,0.0228015,0.0487175,0.046358,0.00746464,0.00172947,0.000563708,0.000818765,0.00857375,0.0475614,0.237789,0.575641,0.241422,0.0442018,0.00847657,0.00084223,0.000176585,0.00171099,0.00936802,0.0432693,0.0440133,0.0201673,0.00506836,0.000427186,0.000484882,0.00337779,0.0386077,0.385023,0.699545,0.235646,0.0235147,0.00214315,0.000118395,0.000989464,0.00447984,0.0207642,0.0352073,0.025064,0.0173675,0.00839278,0.000493499,0.000897476,0.00341805,0.0581547,0.357157,0.645714,0.289217,0.0582914,0.00163971,1.39028e-06,0.000126314,0.00271012,0.0109693,0.02744,0.0546835,0.0273862,0.00156582,3.61912e-05,6.44914e-06,0.000380978,0.0446859,0.201046,0.614751,0.35445,0.0475868,1.27137e-06,2.23078e-05,0.000205521,0.00367702,0.0096482,0.0390078,0.0541824,0.0178723,0.00163667
294.243265306,0.221556,0.722861,0.418957,0.0387636,0.00187033,0.000704389,0.00031179,0.00485127,0.0218112,0.0504986,0.0489692,0.00834787,0.00190603,0.000563708,0.000818765,0.00816664,0.0437535,0.227883,0.563872,0.243164,0.0448621,0.00847657,0.00084223,2.72402e-05,0.000946739,0.00849487,0.0431959,0.0452188,0.0235252,0.00660808,0.000540993,0.000484882,0.00337779,0.0382275,0.385207,0.700094,0.23085,0.0232843,0.00214315,0.000115671,0.00019051,0.00114393,0.0191113,0.0375334,0.0270968,0.0197003,0.00911396,0.000493499,0.000897476,0.0033949,0.053938,0.325325,0.616093,0.292625,0.0601109,0.00163971,1.39028e-06,0.000120725,0.00130589,0.0108597,0.0282278,0.0555679,0.0282673,0.00161818,3.61912e-05,6.44914e-06,0.0003978,0.0388121,0.180914,0.581999,0.338815,0.0439942,3.38892e-06,2.23078e-05,0.000164606,0.00271802,0.00703852,0.0396107,0.056066,0.0167642,0.00157365
295.729342404,0.229745,0.716904,0.412137,0.0372278,0.0017167,0.000704389,0.00031179,0.00489328,0.0220454,0.0501485,0.0482439,0.00787095,0.0014237,0.000470386,0.000818765,0.00816664,0.0442222,0.228298,0.556608,0.236461,0.0419801,0.00819343,0.00084223,2.72402e-05,0.000999397,0.0091045,0.0454207,0.0481258,0.0218461,0.00517063,0.000182309,0.000444355,0.00337779,0.0385936,0.392537,0.711838,0.233862,0.0238874,0.00205565,0.000105795,0.00019051,0.00125826,0.0193603,0.0376636,0.0273528,0.0198922,0.00903863,0.000480249,0.000897476,0.0033949,0.0545674,0.331325,0.617587,0.281532,0.0566864,0.00182442,0,0.000103975,0.00153904,0.0115014,0.0269,0.0538152,0.027609,0.00146473,2.97381e-05,6.44914e-06,0.000385982,0.0403735,0.185152,0.588629,0.343929,0.0459264,6.33642e-05,2.18198e-05,0.00015491,0.00267639,0.0070423,0.0395603,0.0560138,0.0167615,0.00147948
297.215419501,0.225958,0.72695,0.419733,0.0376766,0.0017167,0.000704389,0.00031179,0.00429672,0.0216326,0.0540338,0.0505002,0.00797684,0.00141364,0.000470386,0.0008319,0.00833884,0.0413536,0.221107,0.54251,0.23577,0.0414489,0.00819343,0.00084223,5.96781e-05,0.00126036,0.00941965,0.0414896,0.0435018,0.0213084,0.00517644,0.000182309,0.000444355,0.00364523,0.0398865,0.383423,0.699211,0.233087,0.025571,0.00205565,0.000105795,0.000215172,0.00155997,0.0191093,0.0348358,0.0251523,0.0206589,0.00922016,0.000480249,0.000897476,0.00365802,0.0505514,0.312438,0.605971,0.28649,0.058352,0.00182442,0,0.000103975,0.00178535,0.0123911,0.0273822,0.0536945,0.0281081,0.00142545,2.97381e-05,6.44914e-06,0.000391497,0.0397785,0.18193,0.570761,0.335298,0.0439156,7.41008e-05,2.18198e-05,0.00015491,0.00271636,0.00757113,0.0364996,0.0505672,0.0144771,0.00152828
298.701496599,0.225308,0.70779,0.403545,0.0364931,0.00172891,0.000705631,0.00031179,0.00421016,0.0210324,0.0511744,0.0489624,0.0076703,0.00129638,0.000480386,0.0008319,0.0083482,0.0416987,0.224077,0.540115,0.225129,0.0378599,0.00822059,0.000847845,5.96781e-05,0.00120134,0.00924892,0.042465,0.0458976,0.0203972,0.00453406,0.000182309,0.000444355,0.00364523,0.0390431,0.380988,0.695891,0.229691,0.0230648,0.00206159,0.000105795,0.000215172,0.00154755,0.0191308,0.0336335,0.0246339,0.0208269,0.00922651,0.000483582,0.000897476,0.00365802,0.0518,0.316074,0.606659,0.283309,0.058569,0.00182614,0,0.000103975,0.00186845,0.0124798,0.0278681,0.0538657,0.0275637,0.00162486,2.97381e-05,6.44914e-06,0.000391497,0.0391992,0.180371,0.571928,0.332067,0.043728,0.000168309,2.18198e-05,0.00015491,0.00271859,0.00685891,0.0363141,0.0529138,0.0156455,0.00153522
300.187573696,0.205014,0.652687,0.37514,0.0307045,0.00176758,0.000705631,0.000343835,0.00432728,0.0212002,0.0522132,0.0485889,0.00601501,0.00117159,0.000480386,0.0008319,0.0083612,0.0383456,0.199893,0.494297,0.214124,0.0369638,0.00822059,0.000847845,7.4366e-05,0.00124023,0.00944295,0.0414865,0.0436915,0.0173346,0.003952,0.000222402,0.000450589,0.00364795,0.0385379,0.34117,0.620501,0.20289,0.0243077,0.00254393,0.000105795,0.000216284,0.00168476,0.0180548,0.0334142,0.0241257,0.0149466,0.00660174,0.000483582,0.000897476,0.00380233,0.048585,0.277791,0.541319,0.258298,0.0539701,0.00185193,0,0.000109922,0.00196874,0.0116074,0.0269017,0.0511426,0.0230909,0.0013347,3.55726e-05,1.47051e-05,0.000414269,0.0381937,0.168594,0.554623,0.328892,0.0440442,0.000168309,2.22441e-05,0.000196418,0.0010032,0.00452392,0.0365217,0.0524104,0.0146382,0.000673896
301.673650794,0.15592,0.508012,0.298958,0.0295861,0.00176758,0.000705631,0.000343835,0.00432728,0.0185499,0.0383605,0.0349301,0.00802428,0.00134942,0.000480386,0.0008319,0.0083612,0.0379476,0.173076,0.37635,0.153973,0.030345,0.00826924,0.000847845,7.4366e-05,0.00124023,0.00944295,0.0398085,0.0400314,0.0168351,0.00407532,0.000222402,0.000450589,0.00364795,0.0291407,0.282715,0.493544,0.171906,0.0232786,0.00254393,0.000105795,0.000216284,0.00168476,0.0177852,0.0302856,0.0208705,0.0162404,0.00699811,0.000483582,0.000897476,0.00380233,0.0494346,0.254431,0.460392,0.247282,0.0558176,0.00185193,0,0.000109922,0.00196874,0.0121856,0.0276206,0.0522703,0.0245397,0.00143756,3.55726e-05,1.47051e-05,0.000414269,0.0331328,0.130238,0.405995,0.273114,0.03732,0.000168309,2.22441e-05,0.000196418,0.00127461,0.00505025,0.0353474,0.0519007,0.0147954,0.000673896
303.159727891,0.138201,0.429622,0.249839,0.0210337,0.00176758,0.000705631,0.000343835,0.00454138,0.0173948,0.0388086,0.0374223,0.00934625,0.00134942,0.000480386,0.0008319,0.0083612,0.0315009,0.137195,0.312629,0.142369,0.0316712,0.00826924,0.000847845,7.4366e-05,0.00124023,0.00951901,0.0277722,0.0299027,0.0149475,0.00411709,0.000222402,0.000450589,0.00364795,0.0248535,0.213383,0.385265,0.115454,0.0178281,0.00254393,0.000105795,0.000216284,0.00171961,0.0161463,0.0254016,0.0200629,0.0173817,0.00721308,0.000483582,0.000897476,0.00380233,0.0395843,0.174892,0.340626,0.176029,0.0457255,0.00185193,0,0.000109922,0.00196874,0.0123785,0.0219773,0.0376577,0.0224525,0.00143756,3.55726e-05,1.47051e-05,0.000414269,0.0281592,0.105084,0.363602,0.234901,0.0376585,0.000168309,2.22441e-05,0.000196418,0.00127461,0.00499337,0.0239807,0.0384192,0.012292,0.000721361
304.645804989,0.113393,0.363864,0.217927,0.0211133,0.00176758,0.000705631,0.000428317,0.00460031,0.0162662,0.0366233,0.0374873,0.00936106,0.00137067,0.000480386,0.0008319,0.0083617,0.0308329,0.131122,0.294615,0.129921,0.028757,0.00826924,0.000847845,7.4366e-05,0.000814924,0.00912124,0.0286449,0.0308797,0.0148042,0.00411709,0.000222402,0.000450589,0.00364795,0.0202543,0.195563,0.362713,0.116452,0.0178281,0.00254393,0.000105795,0.000216284,0.00196395,0.0168652,0.0258622,0.0207266,0.0175554,0.00721308,0.000483582,0.000897476,0.00380233,0.0415547,0.178084,0.345932,0.180573,0.0464355,0.00185193,0,0.000109922,0.00214948,0.0125329,0.0222132,0.0386311,0.0229966,0.00143756,3.55726e-05,1.47051e-05,0.000414269,0.0254697,0.0965953,0.313591,0.198404,0.0299364,0.000168309,2.22441e-05,0.000196418,0.00127461,0.0054278,0.0254369,0.0401676,0.0130879,0.000750688
306.131882086,0.116292,0.379216,0.224267,0.0211628,0.00175044,0.000705631,0.000428317,0.00411795,0.015169,0.0362734,0.0373964,0.00929036,0.00136156,0.00047969,0.0008319,0.00747461,0.0279759,0.122531,0.274838,0.124941,0.029025,0.00827154,0.000847845,7.4366e-05,0.000720589,0.00902107,0.0285184,0.0303387,0.0143408,0.0043204,0.000301679,0.000450589,0.00364795,0.0209501,0.191563,0.354652,0.111222,0.017854,0.00254393,0.000105795,0.000216284,0.0018219,0.0162935,0.025186,0.0191749,0.0174069,0.00722475,0.000483582,0.000897476,0.00380233,0.0335579,0.142988,0.291297,0.163835,0.0426022,0.00185193,0,0.000155448,0.00236493,0.0125841,0.0219063,0.037812,0.0221729,0.00121071,4.0045e-05,1.47051e-05,0.000414269,0.0194923,0.0821285,0.312477,0.200543,0.0294207,0.000168309,2.34382e-05,0.000196418,0.00129081,0.00510054,0.0249912,0.0387446,0.0122765,0.000686427
307.617959184,0.115507,0.36742,0.215313,0.0198104,0.000777288,0.000579445,0.000533278,0.00493907,0.0171011,0.0373101,0.0373652,0.00914782,0.00120324,0.00047969,0.0008319,0.00748032,0.0279004,0.112663,0.253896,0.117611,0.0266711,0.0074232,0.000847845,7.4366e-05,0.000707867,0.00811144,0.0281639,0.0298271,0.013488,0.0040398,0.000301679,0.000450589,0.00364111,0.0189614,0.188863,0.355044,0.113153,0.0179832,0.00247824,0.000105795,0.000216284,0.00237917,0.0173637,0.026466,0.0197482,0.0177282,0.00722475,0.000483582,0.000897476,0.00370669,0.0337641,0.150015,0.305235,0.165631,0.0425071,0.00176648,0,0.00015044,0.00251468,0.0126842,0.0219536,0.0378279,0.0222621,0.00122834,3.7623e-05,8.25594e-06,0.000348867,0.0199737,0.0812517,0.295497,0.186257,0.0295381,0.000168309,2.34382e-05,0.000190722,0.00129718,0.00466599,0.0243526,0.039206,0.0127398,0.000821043
309.104036281,0.1144,0.369209,0.216242,0.0197233,0.000241671,1.24288e-06,0.000453622,0.00458871,0.0153556,0.0367373,0.0383856,0.00916734,0.000597881,9.99999e-06,0.000770537,0.00698943,0.0236271,0.111356,0.261255,0.119294,0.0165915,0.000596825,5.61551e-06,7.4366e-05,0.000737072,0.00820643,0.0288349,0.0307399,0.0130267,0.00304749,0.000233177,0.000450589,0.00364111,0.0199513,0.191457,0.355118,0.102242,0.00950359,0.000488278,2.40119e-05,0.000216284,0.00243017,0.0186516,0.0289026,0.0194611,0.0134785,0.00350401,6.6715e-05,0.000897476,0.00370904,0.0340157,0.15156,0.293198,0.139586,0.0255743,0.00021256,0,0.000150944,0.00254116,0.0131264,0.0192962,0.0298568,0.0167361,0.000763758,3.7623e-05,8.25594e-06,0.000355703,0.0200751,0.0814717,0.290302,0.175518,0.0266775,0.000168309,2.34382e-05,0.000190722,0.00131047,0.00598965,0.0228181,0.032751,0.00951598,0.000823873
310.590113379,0.108586,0.367089,0.21649,0.0224972,0.00163246,0.00026892,0.000583189,0.0048187,0.015726,0.0380909,0.0388984,0.00982651,0.00110088,8.67574e-05,1.98707e-05,0.00020288,0.0106249,0.111282,0.264499,0.124951,0.0201732,0.00123269,4.93886e-05,6.56882e-05,0.00053938,0.00826217,0.0297225,0.0321261,0.0143588,0.00398272,0.000444829,5.36826e-05,0.000312649,0.0157616,0.190256,0.355797,0.107316,0.0139052,0.0016524,0.000170996,0.000193751,0.0021006,0.0183018,0.0293648,0.0220741,0.0166199,0.00422093,3.33351e-06,0,0.000412037,0.0326306,0.14975,0.302537,0.151432,0.028693,0.00022779,0,6.93882e-05,0.00241811,0.0137191,0.0209341,0.0324417,0.0177605,0.000947429,3.7623e-05,8.25594e-06,5.23159e-05,0.0181329,0.0818171,0.291344,0.173074,0.0272374,0.000236743,1.61838e-06,4.15077e-05,0.00122417,0.00619653,0.0246994,0.0362042,0.0110331,0.000836689
312.076190476,0.111638,0.314743,0.161669,0.0115879,0.00163461,0.000277145,0.000620032,0.00497917,0.0158513,0.0381255,0.038952,0.0103837,0.00113623,0.000109796,5.80694e-05,0.00128295,0.016944,0.110086,0.227201,0.0970875,0.0139113,0.000800496,5.34985e-05,6.56882e-05,0.000593898,0.00859086,0.0277185,0.0313036,0.0116476,0.00301786,0.000684029,0.000468441,0.00273107,0.0210301,0.19013,0.350059,0.0984385,0.0113473,0.0016524,0.000170996,0.000266163,0.00249796,0.0179972,0.0290361,0.0216961,0.015756,0.00442011,7.04341e-05,0.000142392,0.000620513,0.0343128,0.152905,0.281692,0.126874,0.0231562,0.000276984,4.58939e-05,0.000111985,0.00252933,0.0135813,0.0209928,0.0320367,0.0176212,0.00101914,9.55012e-05,6.35773e-05,0.000114286,0.0186347,0.0824594,0.286778,0.167398,0.0268525,0.000388251,0.000154975,7.94454e-05,0.00133823,0.00640512,0.0249407,0.0362642,0.0104263,0.000972959
313.562267574,0.0708685,0.196148,0.109409,0.0139891,0.00163461,0.000279948,0.000620032,0.00501143,0.0128313,0.0230025,0.0201307,0.0103953,0.00121431,0.000109796,5.80694e-05,0.00128295,0.014114,0.0865014,0.174084,0.0899804,0.0142774,0.000800496,5.34985e-05,6.56882e-05,0.000616839,0.00869852,0.0281881,0.0310908,0.0130415,0.00350651,0.000684029,0.000468441,0.00273107,0.0139409,0.111693,0.198038,0.0737663,0.0175787,0.00254339,0.000170996,0.000266163,0.00250978,0.0186013,0.0290798,0.0215152,0.0127423,0.00279557,7.04341e-05,0.000142392,0.000620513,0.0273848,0.107956,0.216352,0.121868,0.0229567,0.000276984,4.58939e-05,0.000111985,0.00252958,0.0124837,0.0189555,0.0244165,0.013322,0.00114368,9.55012e-05,6.35773e-05,0.000194443,0.011978,0.0512759,0.155501,0.098626,0.0143273,0.000389138,0.000154975,7.94454e-05,0.000597909,0.00548018,0.0236877,0.0322114,0.0107484,0.00121754
315.048344671,0.0667561,0.18821,0.111807,0.0139885,0.00167204,0.000282474,0.000620032,0.00501143,0.0130288,0.0245743,0.0230321,0.0114198,0.00140974,0.000116568,5.80694e-05,0.00128295,0.0135087,0.0736683,0.142043,0.0728992,0.0114855,0.00088289,5.73737e-05,6.56882e-05,0.000616839,0.00879479,0.0281108,0.0294859,0.0128214,0.00380779,0.000722717,0.000468441,0.00273107,0.0127655,0.110168,0.204449,0.0757975,0.0179403,0.00254389,0.000170996,0.000266163,0.00250978,0.0186759,0.0297331,0.0208018,0.0138572,0.00311582,0.000113852,0.000142392,0.000620513,0.0310563,0.118882,0.201752,0.0962163,0.0179439,0.000276984,4.58939e-05,0.000111985,0.00252958,0.0128201,0.0171319,0.0188353,0.0125007,0.00123249,9.55012e-05,6.35773e-05,0.000194443,0.0130406,0.0540249,0.153392,0.0992151,0.0159264,0.000389138,0.000154975,7.94454e-05,0.000939818,0.00617484,0.0230553,0.0313195,0.0108547,0.00121754
316.534421769,0.0723705,0.194606,0.111586,0.0140273,0.00167204,0.000282474,0.000458818,0.00241876,0.00915549,0.0247375,0.0234144,0.0114539,0.00140974,0.000116568,5.80694e-05,0.00141271,0.0155369,0.0739702,0.141873,0.0724353,0.0119004,0.00088289,5.73737e-05,8.21995e-05,0.000814373,0.00768315,0.0183232,0.0239918,0.0126903,0.00381663,0.000722717,0.000468441,0.00278349,0.0127037,0.0908406,0.178589,0.0750283,0.0179403,0.00254389,0.000170996,0.000268156,0.00224369,0.0129032,0.0217022,0.0193479,0.0138219,0.00311582,0.000113852,0.000142392,0.000624772,0.0173767,0.0842648,0.180944,0.0944026,0.017954,0.0002847,4.58939e-05,9.67244e-05,0.00237794,0.0120512,0.0180118,0.0188001,0.0118415,0.00127982,9.81617e-05,6.35773e-05,0.000200878,0.00935734,0.0488863,0.134945,0.0817122,0.0150959,0.000389138,0.000154975,8.00055e-05,0.000975767,0.00634001,0.0164035,0.0236287,0.00870981,0.0012772
318.020498866,0.0791456,0.170696,0.0981205,0.0126312,0.00148125,0.000282474,0.000570394,0.0028781,0.00999635,0.0239633,0.0209913,0.00993815,0.00123317,0.000116568,5.80694e-05,0.00141526,0.0159349,0.0747901,0.145992,0.0736997,0.0111389,0.00088289,5.73737e-05,8.21995e-05,0.000970882,0.00884543,0.0237096,0.026654,0.00974488,0.00227691,0.000608911,0.000468441,0.00278349,0.0133603,0.0962832,0.188595,0.0780152,0.0179625,0.00254389,0.000170996,0.000268156,0.00279291,0.0137488,0.0222068,0.0180626,0.0116785,0.00238688,0.000113852,0.000142392,0.000624772,0.0228226,0.099738,0.186405,0.0939127,0.0170243,0.0002847,4.58939e-05,0.000153537,0.00230848,0.00999386,0.0175962,0.0191746,0.0116629,0.00119474,9.81617e-05,6.35773e-05,0.000184056,0.0111313,0.0531446,0.15421,0.103494,0.0178386,0.00038702,0.000154975,8.00055e-05,0.00100353,0.00631931,0.017195,0.022673,0.00849592,0.0012772
319.506575964,0.0708326,0.204898,0.114741,0.0136894,0.00148125,0.000282474,0.000570394,0.00283609,0.0096626,0.0256571,0.023543,0.0112145,0.00147975,0.000116568,5.80694e-05,0.00141526,0.0154211,0.0729315,0.147949,0.0757225,0.0112038,0.000797441,5.73737e-05,8.21995e-05,0.000916834,0.0093379,0.0218277,0.0234284,0.00996729,0.00291243,0.00073943,0.000468441,0.00278349,0.0128581,0.092572,0.183592,0.0743133,0.017193,0.00254389,0.000170996,0.000268156,0.00267679,0.0148589,0.0248154,0.0202462,0.0129724,0.00269336,0.000113852,0.000142392,0.000624772,0.022224,0.0946194,0.183141,0.0965375,0.0177126,9.96511e-05,4.58939e-05,0.000153537,0.00233278,0.0101539,0.0179441,0.0177162,0.0110975,0.00123605,7.08457e-05,6.35773e-05,0.000201094,0.00948411,0.0478384,0.146689,0.0974062,0.0159344,0.000330342,0.000154975,8.11976e-05,0.00101568,0.00660004,0.0186062,0.0250029,0.00864472,0.0012193
320.992653061,0.0733933,0.190132,0.107823,0.0132372,0.00148125,0.000282474,0.000570394,0.00291921,0.00896338,0.0205149,0.0206272,0.0118454,0.00151509,0.000154371,4.49343e-05,0.00124306,0.0158213,0.0752377,0.152429,0.0761982,0.0117363,0.000797441,7.55997e-05,4.97615e-05,0.000655867,0.00827755,0.0213873,0.0233976,0.00976259,0.00303862,0.000750873,0.000468441,0.00262458,0.0124348,0.101324,0.207958,0.0771417,0.0156122,0.00254389,0.000170996,0.000243493,0.00239272,0.0134809,0.0230977,0.0189436,0.0120705,0.00251183,0.000113852,0.000142392,0.000361653,0.02178,0.0984011,0.194812,0.0978446,0.016997,9.96511e-05,4.58939e-05,0.000153537,0.00290686,0.0110758,0.0158536,0.0158197,0.0127853,0.00179093,7.08457e-05,6.35773e-05,0.000195579,0.0109665,0.0547619,0.166417,0.105218,0.0174024,0.000319605,0.000154975,8.11976e-05,0.000975703,0.00633341,0.017539,0.0226561,0.00882593,0.00138899
322.478730159,0.0733514,0.221848,0.124427,0.0146265,0.00146903,0.000281231,0.000680583,0.00302709,0.00986114,0.0251152,0.0221629,0.0113311,0.00146898,0.000144371,4.49343e-05,0.0012337,0.0159151,0.0799572,0.160309,0.0797306,0.0119878,0.000841032,6.99842e-05,5.09023e-05,0.00067962,0.00804432,0.0196016,0.0210662,0.00996256,0.00314281,0.000750873,0.000468441,0.00262458,0.0137892,0.107656,0.214855,0.0793613,0.0178106,0.00281328,0.000170996,0.000243493,0.00254963,0.0129582,0.0215946,0.0184211,0.0123713,0.00284273,0.000110519,0.000142392,0.000669291,0.0220539,0.0964465,0.198106,0.105115,0.0185655,9.79301e-05,4.58939e-05,0.000172369,0.00279106,0.0107909,0.0173844,0.0171371,0.0127758,0.00160426,7.99647e-05,6.35773e-05,0.000195579,0.0108113,0.0547325,0.163697,0.104427,0.0167344,0.00023078,0.00015947,0.000137568,0.00108576,0.00626265,0.0157419,0.0190076,0.0073774,0.00136054
323.964807256,0.081403,0.21384,0.117218,0.0132582,0.00143036,0.000281231,0.000648537,0.00290996,0.00988844,0.0243749,0.0211737,0.0108307,0.00146017,0.000144371,4.49343e-05,0.00147681,0.0175053,0.0885705,0.165476,0.0776941,0.0117972,0.000841032,6.99842e-05,3.62144e-05,0.000640729,0.0082182,0.0215414,0.0240021,0.0103082,0.00312351,0.000710779,0.000462207,0.00262186,0.0154296,0.114424,0.225264,0.0789895,0.0150866,0.00233093,0.000170996,0.000242382,0.00241205,0.0133661,0.0238565,0.019947,0.0118936,0.00266553,0.000110519,0.000142392,0.000524986,0.0242848,0.108111,0.210454,0.104802,0.0186936,7.21397e-05,4.58939e-05,0.000166422,0.00269069,0.0104096,0.0180836,0.0177476,0.0127021,0.00158775,7.41302e-05,5.53213e-05,0.000172807,0.0114455,0.0565935,0.174414,0.104795,0.016487,0.00023078,0.000159046,9.60599e-05,0.00105224,0.00609756,0.0164482,0.0216247,0.00846755,0.00133683
325.450884354,0.0829277,0.221382,0.114887,0.0123257,0.00159273,0.000281231,0.000648537,0.00290996,0.0100538,0.0248356,0.0211012,0.00928498,0.00128235,0.000144371,4.49343e-05,0.00147681,0.0175575,0.0866932,0.162775,0.0806826,0.0122341,0.000792386,6.99842e-05,3.62144e-05,0.000640729,0.00826303,0.0214946,0.0226169,0.00956465,0.00300019,0.000710779,0.000462207,0.00262186,0.0166406,0.114859,0.210804,0.0777948,0.0205917,0.00334734,0.000170996,0.000242382,0.00241205,0.0133203,0.0241704,0.019815,0.0105999,0.00226916,0.000110519,0.000142392,0.000970067,0.0265146,0.107189,0.195115,0.0973182,0.0159191,7.21397e-05,4.58939e-05,0.000166422,0.00275061,0.010159,0.0171187,0.0157229,0.0112024,0.00148489,7.41302e-05,5.53213e-05,0.000172807,0.0115646,0.0570821,0.175876,0.115537,0.0193129,0.00023078,0.000159046,9.60599e-05,0.000780836,0.00557513,0.0168772,0.0203822,0.00831037,0.00133683
326.936961451,0.0767959,0.215938,0.117599,0.014434,0.00163717,0.000331639,0.000648537,0.00269383,0.00926218,0.0220118,0.0185086,0.00832906,0.0013316,0.000156391,4.49343e-05,0.00147681,0.0173373,0.0897092,0.162213,0.0801016,0.011934,0.000798175,6.99842e-05,3.62144e-05,0.000640729,0.00775026,0.0204674,0.0218775,0.00947664,0.00298065,0.000710779,0.000462207,0.00262186,0.016778,0.11728,0.209738,0.0737065,0.0204705,0.00334734,0.000170996,0.000242382,0.0023772,0.0134411,0.0229365,0.0186697,0.0106108,0.00228594,0.000110519,0.000142392,0.000970067,0.0286541,0.114203,0.202456,0.107689,0.0188801,7.21397e-05,4.58939e-05,0.000166422,0.00276065,0.00971703,0.0171973,0.0154844,0.010352,0.00154038,7.41302e-05,5.53213e-05,0.000172807,0.0118679,0.0562408,0.145114,0.104668,0.0183541,0.00023078,0.000159046,9.60599e-05,0.00113216,0.00628647,0.0164606,0.0199837,0.0081059,0.00128936
328.423038549,0.0762089,0.216162,0.121284,0.0145701,0.00163717,0.000331639,0.000567345,0.00255579,0.00882694,0.0221066,0.0192342,0.00837944,0.00131517,0.000156391,4.56285e-05,0.00150404,0.0159607,0.085431,0.163526,0.0854855,0.0130535,0.00107435,0.000220964,3.62144e-05,0.000568092,0.0066589,0.0189666,0.0205421,0.00927208,0.00298297,0.000710779,0.000462207,0.00262186,0.0157941,0.109681,0.208196,0.0770734,0.0210161,0.00381399,0.000185712,0.000242382,0.00213128,0.0127885,0.022355,0.0178927,0.010526,0.00232182,0.000110519,0.000142392,0.000970067,0.0268016,0.108509,0.198774,0.103338,0.0182981,0.000212795,6.7425e-05,0.000166422,0.00258857,0.00895313,0.0156169,0.0141401,0.00994467,0.00155035,7.51863e-05,5.53213e-05,0.000172807,0.0106126,0.056307,0.161529,0.112793,0.0196335,0.000303198,0.000163226,9.60599e-05,0.00113315,0.00589167,0.0150037,0.018149,0.0073642,0.00126664
329.909115646,0.0761313,0.205896,0.116369,0.0142513,0.00163717,0.000331639,0.000706072,0.0027736,0.00863552,0.0220714,0.0193369,0.00832503,0.00129701,0.000156391,0.000311101,0.00167295,0.0174036,0.0876699,0.161753,0.0821827,0.0125035,0.00107205,0.000220964,3.62144e-05,0.000593996,0.00688487,0.0200319,0.0207791,0.00899695,0.00277584,0.000645199,0.00055615,0.00274113,0.0168422,0.113161,0.210538,0.0768178,0.0209902,0.00381399,0.000185712,0.000242382,0.00205087,0.0132981,0.0226827,0.0182096,0.0105596,0.00230821,0.000110519,0.000142392,0.00119516,0.0305685,0.117011,0.206526,0.108766,0.0188034,0.000212795,6.7425e-05,0.000138523,0.00242903,0.00915642,0.0154377,0.0143336,0.00996022,0.00145898,7.07139e-05,6.10222e-05,0.000397926,0.0120334,0.0580161,0.155906,0.108218,0.0186504,0.000303198,0.000162031,9.60599e-05,0.0011057,0.00588139,0.0154837,0.0190631,0.00767855,0.00126764
331.395192744,0.0729098,0.220673,0.123964,0.0156377,0.00163717,0.000331639,0.00060111,0.00195248,0.00629601,0.0196821,0.0185035,0.00831991,0.00132453,0.000156391,0.000311101,0.00166723,0.0170541,0.0875868,0.162029,0.0842089,0.0126757,0.00107205,0.000220964,3.62144e-05,0.000571554,0.00653636,0.0192559,0.0205504,0.00929527,0.00322416,0.000774271,0.00055615,0.00274113,0.0168025,0.116726,0.213861,0.075944,0.0207382,0.00381399,0.000185712,0.000242382,0.00162718,0.0114131,0.0205341,0.0176467,0.0101543,0.00231412,0.000110519,0.000142392,0.00119289,0.0281281,0.106544,0.189624,0.103529,0.0177763,0.000213386,6.7425e-05,0.000138934,0.0026107,0.00883546,0.0156113,0.0145008,0.0100961,0.00160316,7.07139e-05,6.10222e-05,0.000397554,0.0112042,0.0569352,0.163187,0.116927,0.0182761,0.000303198,0.000162031,9.60599e-05,0.00111044,0.00580468,0.0153237,0.018221,0.00710163,0.00111804
332.881269841,0.0734413,0.216869,0.12193,0.0154221,0.00163717,0.000332038,0.000603065,0.0022684,0.0064502,0.0184827,0.0172817,0.00806911,0.00132453,0.000156391,0.000311101,0.00166688,0.0169933,0.0873028,0.160992,0.0844855,0.0124922,0.00108063,0.000245676,4.95406e-05,0.000591621,0.00599962,0.0173841,0.018479,0.00858866,0.00322416,0.000774271,0.00055615,0.00274113,0.015756,0.113541,0.214437,0.0769454,0.0207427,0.00381399,0.000185712,0.000476231,0.00230319,0.0105411,0.0180444,0.0166232,0.0102519,0.00237666,0.000110519,0.000142392,0.00119054,0.0304282,0.115499,0.203652,0.110717,0.0197384,0.000213386,6.7425e-05,0.000138429,0.00253118,0.00832991,0.0144832,0.0134907,0.00978443,0.00160231,7.07139e-05,6.10222e-05,0.000390719,0.0117866,0.0588827,0.160398,0.115329,0.0186265,0.000303198,0.000162031,9.60599e-05,0.00109715,0.0044583,0.0124465,0.016619,0.00656205,0.00111521
334.367346939,0.0686379,0.21771,0.120786,0.0127545,0.000287828,6.43607e-05,0.000473498,0.00201629,0.00579332,0.0174082,0.0162052,0.00696027,0.000844392,8.65924e-05,0.000319046,0.00167173,0.0168353,0.0891911,0.16376,0.0815146,0.00895877,0.000447084,0.000204309,3.24694e-05,0.000551683,0.00544913,0.0164194,0.017161,0.00751952,0.00251347,0.000563814,0.000508702,0.0026993,0.0164989,0.115387,0.213198,0.0719118,0.0163444,0.00264986,1.65201e-05,0.000311525,0.0023058,0.0105115,0.0172714,0.0135674,0.00727816,0.00167202,0.000119319,0.000150449,0.00119696,0.030448,0.115124,0.194539,0.0993502,0.0166433,0.000198157,8.19369e-05,0.000150515,0.0022123,0.00778762,0.0127171,0.0108549,0.00834909,0.00135529,7.68383e-05,6.10222e-05,0.000393713,0.0116315,0.0574679,0.159617,0.112654,0.0170099,0.000241144,0.000164896,9.62654e-05,0.00149608,0.00491525,0.0106101,0.0126201,0.00499303,0.0011705
335.853424036,0.0670441,0.216819,0.124059,0.0133597,0.000285683,5.61353e-05,0.000436655,0.00185129,0.00563957,0.0171124,0.0154524,0.00596414,0.00080904,6.35539e-05,0.000280847,0.000591663,0.0106221,0.0828909,0.167177,0.0840376,0.0092237,0.000455652,0.000200199,3.24694e-05,0.000494683,0.00515789,0.0164253,0.017314,0.00755127,0.0024108,0.000324614,9.39436e-05,0.00028088,0.0114404,0.114332,0.21597,0.0743336,0.0177251,0.0028618,1.65201e-05,0.000239113,0.00190844,0.0101359,0.0176406,0.0140834,0.00732156,0.00154355,5.22188e-05,8.05759e-06,0.000988486,0.0299522,0.116295,0.199576,0.103214,0.0175465,0.000148962,3.6043e-05,0.000107918,0.00210108,0.00722528,0.01261,0.0115492,0.00845824,0.00128359,1.89601e-05,5.70091e-06,0.000331742,0.0112816,0.0558082,0.158693,0.11297,0.017146,0.000157891,1.15393e-05,5.83277e-05,0.00138111,0.00462826,0.0106592,0.0134572,0.00518208,0.000636727
337.339501134,0.0670323,0.203302,0.10644,0.0101006,0.000285683,5.33323e-05,0.000436655,0.00181903,0.00549311,0.0169622,0.0150188,0.00534319,0.000718165,6.35539e-05,0.000280847,0.000591663,0.0107124,0.0776895,0.150074,0.0736081,0.00798385,0.000455652,0.000200199,3.24694e-05,0.000471743,0.00505022,0.0159557,0.0163863,0.00543265,0.00192215,0.000324614,9.39436e-05,0.000284698,0.0118344,0.115602,0.214841,0.0620483,0.0113758,0.00197081,1.65201e-05,0.000239113,0.00189663,0.00953177,0.0170121,0.0128879,0.00643375,0.00154355,5.22188e-05,8.05759e-06,0.00100943,0.0302213,0.116153,0.182242,0.0892109,0.0143335,0.000148962,3.6043e-05,0.000107918,0.00210083,0.00679758,0.011963,0.0107359,0.00759262,0.00115904,1.89601e-05,5.70091e-06,0.000251586,0.0105356,0.0532044,0.157318,0.106636,0.0148549,0.000157003,1.15393e-05,5.83277e-05,0.00135845,0.00421045,0.0099694,0.0131306,0.00463126,0.000392144
338.825578231,0.0618852,0.184455,0.0997275,0.0101965,0.00025573,5.08063e-05,0.000436655,0.00181903,0.00528271,0.0150698,0.0115162,0.00431876,0.00052274,5.67814e-05,0.000280847,0.000591663,0.010302,0.0734593,0.139104,0.0695765,0.00636503,0.00038687,0.000196324,3.24694e-05,0.000471743,0.00495396,0.0147373,0.0144965,0.00440492,0.00162087,0.000285926,9.39436e-05,0.000284698,0.0118144,0.106733,0.1871,0.0525768,0.0115127,0.00208154,1.65201e-05,0.000239113,0.00189663,0.00949338,0.0155586,0.011833,0.00531886,0.0012233,8.8004e-06,8.05759e-06,0.00100943,0.0263105,0.099093,0.155511,0.084193,0.0140981,0.000168464,3.6043e-05,0.000107918,0.00210083,0.00631076,0.0110017,0.0103163,0.00691894,0.00107023,1.89601e-05,5.70091e-06,0.000251586,0.00950771,0.0465645,0.131001,0.094343,0.0131568,0.000157003,1.15393e-05,5.83277e-05,0.00101654,0.00335378,0.00928857,0.0119203,0.00452495,0.000392144
340.311655329,0.0534876,0.178842,0.100374,0.0103151,0.00025573,5.08063e-05,0.000365736,0.00144682,0.00443596,0.0131028,0.0107738,0.00428189,0.00052274,5.67814e-05,0.000280847,0.000461908,0.00763247,0.0680568,0.130022,0.0658449,0.00604176,0.000388817,0.000196324,1.59582e-05,0.00027382,0.00387359,0.0130947,0.0132522,0.00424758,0.00161203,0.000285926,9.39436e-05,0.000246554,0.0112943,0.106262,0.187235,0.0518176,0.011537,0.00208154,1.65201e-05,0.00023712,0.00183621,0.00878161,0.0142619,0.0103376,0.00519555,0.00123461,8.8004e-06,8.05759e-06,0.00103799,0.0269493,0.0991332,0.151796,0.081525,0.0138431,0.000160748,3.6043e-05,0.000105768,0.00205448,0.00600113,0.00913587,0.00866771,0.00661805,0.00102291,1.62995e-05,5.70091e-06,0.000249188,0.00953621,0.0467608,0.130658,0.0951491,0.0133022,0.000169127,1.15393e-05,5.77676e-05,0.00101042,0.00325487,0.00847017,0.0110177,0.00428902,0.000336175
341.797732426,0.0475182,0.176682,0.0995548,0.0104336,0.00025573,5.08063e-05,0.00025416,0.000987479,0.00349338,0.0120081,0.0102938,0.00419626,0.00052274,5.67814e-05,0.000280847,0.000460303,0.00732374,0.0663019,0.123159,0.0614473,0.00617689,0.000388817,0.000196324,1.59582e-05,0.000117311,0.00230816,0.00729462,0.00929028,0.00382239,0.00161203,0.000285926,9.39436e-05,0.00025065,0.0107881,0.096405,0.169151,0.0489763,0.0116566,0.00208154,1.65201e-05,0.00023712,0.00128699,0.00602554,0.010898,0.00902444,0.00490713,0.00123461,8.8004e-06,8.05759e-06,0.00103799,0.0215028,0.0838893,0.139406,0.0750613,0.0130611,0.000188704,3.6043e-05,4.89554e-05,0.00187737,0.00509871,0.00812505,0.00733521,0.00582592,0.0010283,1.62995e-05,5.70091e-06,0.000249188,0.00758085,0.0412798,0.110254,0.0739871,0.0106149,0.000169127,1.15393e-05,5.77676e-05,0.000962059,0.00294415,0.00639342,0.00939791,0.00391687,0.000336175
343.283809524,0.047442,0.138901,0.0818671,0.00936492,0.00025573,5.08063e-05,0.00025416,0.000987479,0.00349086,0.0101094,0.00754635,0.00230187,0.000176963,5.67814e-05,0.000280847,0.000460303,0.00743567,0.0644226,0.115685,0.057662,0.00578544,0.000388817,0.000196324,1.59582e-05,0.000117311,0.00126963,0.00700711,0.00838139,0.00255972,0.000976517,0.000155407,9.39436e-05,0.00025065,0.010921,0.092227,0.16001,0.047769,0.0113124,0.00208154,1.65201e-05,0.00023712,0.00128843,0.00479029,0.00848716,0.00658919,0.00290969,0.000767886,8.8004e-06,8.05759e-06,0.00104975,0.022044,0.0850779,0.131363,0.0691073,0.0118033,0.000188704,3.6043e-05,4.89554e-05,0.0015647,0.00427216,0.00740039,0.00726026,0.00531913,0.000825023,1.62995e-05,5.70091e-06,0.000283124,0.00798353,0.0423068,0.111077,0.0768607,0.0107785,0.000164559,1.15393e-05,5.65756e-05,0.00092695,0.00248397,0.00508976,0.00738416,0.00350211,0.000335154
344.769886621,0.041139,0.136531,0.0801588,0.00943948,0.000256702,5.08063e-05,0.00025416,0.000774593,0.002797,0.00970475,0.00712064,0.00129745,0.00014163,1.89786e-05,0.000280847,0.000460303,0.00616227,0.0572123,0.106278,0.0550196,0.00526904,0.000388817,0.000178098,1.59582e-05,0.000117311,0.00120137,0.00682101,0.00804084,0.00253401,0.000842353,0.000143964,9.39436e-05,0.000142109,0.00999158,0.0783492,0.127257,0.0392115,0.0111088,0.00208248,1.65201e-05,0.00023712,0.00123209,0.00445475,0.00814802,0.00655768,0.00280622,0.000767886,8.8004e-06,8.05759e-06,0.00104975,0.0214336,0.0771967,0.110434,0.0605811,0.0107277,0.000196189,3.6043e-05,4.89554e-05,0.000744307,0.0022302,0.0074175,0.00726026,0.00307808,0.00027014,1.62995e-05,5.70091e-06,0.000283124,0.00629868,0.0337943,0.0886843,0.0667852,0.00918157,0.000164559,1.15393e-05,5.65756e-05,0.00092695,0.00222087,0.00506824,0.00739402,0.00236443,0.000116664
346.255963719,0.0361603,0.103549,0.0628915,0.00798651,0.000256702,5.08063e-05,0.000143971,0.000643905,0.00163655,0.00443979,0.00473318,0.00121553,0.000104569,1.89786e-05,0.000280847,0.000460569,0.00555396,0.0485922,0.0947329,0.0499924,0.00458727,0.000318063,0.000178098,1.48175e-05,9.31877e-05,0.00118465,0.00660802,0.00750298,0.0019935,0.000698146,0.000143964,9.39436e-05,0.000142109,0.00822129,0.0674567,0.111251,0.0347617,0.00881618,0.00180716,1.65201e-05,0.00023712,0.00107518,0.00438959,0.00811719,0.00587976,0.00226245,0.00043064,8.8004e-06,8.05759e-06,0.000742897,0.0192382,0.0724958,0.100578,0.0520028,0.00892524,0.000196189,3.6043e-05,3.01232e-05,0.000600248,0.00154626,0.00484142,0.00491898,0.00232115,0.00025726,7.18052e-06,5.70091e-06,0.000283124,0.00596508,0.0310328,0.0855739,0.0646253,0.00871439,0.000159274,7.04455e-06,2.05564e-07,0.000812224,0.00218167,0.00495546,0.00730131,0.00236443,0.000116664
347.742040816,0.0266077,0.102008,0.0625568,0.00798726,0.000256702,5.09344e-05,0.000144117,0.000643908,0.00144143,0.00375865,0.00407415,0.00117871,0.000104569,1.89786e-05,0.000280847,0.000204456,0.00384705,0.0395842,0.0853547,0.0484592,0.00431671,0.000318076,0.000178098,1.48783e-05,9.32016e-05,0.000816596,0.00422491,0.00420095,0.00147084,0.000698146,0.000143964,9.39436e-05,0.000142238,0.00608767,0.0569813,0.0971488,0.0313569,0.00881677,0.0018072,1.6686e-05,0.000237235,0.00107519,0.00333809,0.00490284,0.0035596,0.00226038,0.00043064,8.8004e-06,8.05759e-06,0.000743022,0.0158581,0.0577992,0.0870286,0.0513488,0.00875954,0.000196239,3.6043e-05,3.01232e-05,0.000600248,0.00153633,0.00389898,0.00411121,0.00203039,0.00025726,7.18052e-06,5.70091e-06,0.000283156,0.00507748,0.0279924,0.0721644,0.0600219,0.00812816,0.000159274,7.04455e-06,2.05564e-07,0.000812224,0.00218167,0.00353124,0.00365016,0.00106779,0.000116664
349.228117914,0.0232987,0.0813467,0.0512535,0.00562082,9.43388e-05,5.09344e-05,0.000144117,0.000643908,0.00127607,0.00323726,0.00258049,0.000715194,0.000104569,1.89786e-05,0.000280847,0.000204456,0.00351399,0.037836,0.0769603,0.0387102,0.0033046,0.000318076,0.000178098,1.48783e-05,9.32016e-05,0.000771761,0.00365955,0.00402834,0.00147084,0.000698146,0.000143964,9.39436e-05,0.000142238,0.00487668,0.0471678,0.0849484,0.0235529,0.0031645,0.000790802,1.6686e-05,0.000237235,0.00107519,0.00317506,0.00422608,0.00297563,0.00226038,0.00043064,8.8004e-06,8.05759e-06,0.000297941,0.0123988,0.0506446,0.0826085,0.0483272,0.00875392,0.000196239,3.61232e-05,3.01926e-05,0.000540329,0.00120876,0.00345404,0.00351129,0.00182554,0.00025726,7.18052e-06,5.70091e-06,0.000283156,0.00431903,0.0245033,0.0658711,0.0468639,0.00505454,0.000159288,7.09928e-06,2.08448e-07,0.000812224,0.00197942,0.00245439,0.00319481,0.00106779,0.000116664
350.714195011,0.0214779,0.0654405,0.0373646,0.00347649,4.98934e-05,5.26959e-07,0.000144117,0.000643908,0.00126,0.003093,0.00229795,0.00034915,5.53246e-05,6.95912e-06,0.000280847,0.000204456,0.00318907,0.0312091,0.0607495,0.0298513,0.00227848,0.000312287,0.000178098,1.48783e-05,9.32016e-05,0.000755772,0.00335993,0.00365349,0.00108463,0.000675919,0.000143964,9.39436e-05,0.000142238,0.00465834,0.0383351,0.0592019,0.0163591,0.0030229,0.000790802,1.6686e-05,0.000237235,0.00107519,0.00261583,0.00373876,0.00270709,0.0011081,0.000198886,8.8004e-06,8.05759e-06,0.000297941,0.0101966,0.0399081,0.0576738,0.0327844,0.00555913,0.000196239,3.61232e-05,3.01926e-05,0.000530285,0.00100274,0.00278885,0.00258741,0.00104496,0.000201766,7.18052e-06,5.70091e-06,0.000283156,0.00359618,0.0198742,0.0610046,0.043123,0.00420528,0.000159288,7.09928e-06,2.08448e-07,0.000460905,0.000916676,0.0022212,0.00269092,0.000935117,0.000116664
352.200272109,0.0152401,0.0499413,0.0295273,0.00326075,4.98934e-05,5.26959e-07,0.000140827,0.000621345,0.00108159,0.00202774,0.00115502,0.000283957,5.04955e-05,6.95912e-06,0.000280153,0.000176727,0.00275255,0.0283557,0.0507642,0.023336,0.00102764,3.61105e-05,2.71177e-05,1.48783e-05,9.32016e-05,0.000668163,0.00274986,0.00306312,0.00099509,0.000673606,0.000143964,9.39436e-05,0.000142238,0.00428672,0.034347,0.0471025,0.0104147,0.00247726,0.000324154,1.96953e-06,0.000237235,0.00107382,0.002464,0.00299545,0.00244738,0.00101928,0.000163015,8.8004e-06,8.05759e-06,0.000297941,0.0100786,0.0373754,0.0473155,0.0282972,0.00533188,5.55836e-05,1.45922e-05,3.01926e-05,0.000521632,0.000954127,0.00256032,0.00251175,0.000892965,0.0001918,6.12441e-06,5.70091e-06,0.000283156,0.00327913,0.0153899,0.0387517,0.0321683,0.00269422,8.68701e-05,2.91958e-06,2.08448e-07,0.000459914,0.000877038,0.00211709,0.00265906,0.000880925,0.000110055
353.686349206,0.0109571,0.0416119,0.0263078,0.00325911,4.98934e-05,5.26959e-07,2.10054e-06,0.000315929,0.000678035,0.0012475,0.000905891,0.000283957,5.04955e-05,6.95912e-06,1.46801e-05,7.81984e-06,0.000954664,0.0224077,0.0452393,0.022471,0.00102738,3.61105e-05,2.71177e-05,1.48783e-05,5.2936e-05,0.000320698,0.00147744,0.00220589,0.000994334,0.000673606,0.000130267,0,2.29673e-05,0.0023207,0.0242922,0.0363151,0.00986787,0.00247726,0.000324154,1.96953e-06,0.000237235,0.00106268,0.00184498,0.002129,0.00188675,0.000858938,0.000163015,8.8004e-06,8.05759e-06,7.28514e-05,0.0061407,0.0269928,0.0369353,0.0216864,0.00480135,5.55836e-05,1.45922e-05,1.25663e-05,0.000463426,0.000608633,0.00191814,0.00201429,0.000801857,0.000190252,6.12441e-06,0,5.80374e-05,0.0016058,0.0115044,0.033634,0.0298978,0.00261239,8.68701e-05,2.91958e-06,2.08448e-07,0.000459914,0.000864758,0.00148513,0.00169805,0.000557425,0.000109063
355.172426304,0.0102506,0.0251094,0.0172435,0.00186274,4.98934e-05,5.26959e-07,2.10054e-06,0.000315929,0.000678035,0.00117518,0.000829671,0.000217337,2.2856e-05,6.95912e-06,1.46801e-05,7.81984e-06,0.000953335,0.0186752,0.0364858,0.0166915,0.000842099,3.61105e-05,2.71177e-05,1.48783e-05,5.2936e-05,0.000241288,0.00133948,0.00166148,0.000567767,0.000224552,1.19541e-06,0,2.29673e-05,0.00231425,0.0183569,0.0280205,0.00834491,0.00243344,0.000324154,1.96953e-06,0.000237235,0.000901195,0.00131346,0.00166561,0.00149678,0.000826447,0.000157109,8.8004e-06,8.05759e-06,7.28514e-05,0.00614067,0.0262687,0.0352739,0.0204941,0.00426716,5.49919e-05,1.45922e-05,1.21554e-05,9.2607e-05,0.000293544,0.00112881,0.00157353,0.000561038,2.18758e-05,6.12441e-06,0,5.80374e-05,0.00160522,0.00957331,0.0236145,0.0190742,0.0023725,8.68701e-05,2.91958e-06,2.08448e-07,0.000430024,0.000834138,0.00143361,0.00167919,0.000556808,0.000109063
356.658503401,0.00708483,0.0242318,0.0164703,0.0018286,4.98934e-05,1.2814e-07,1.45781e-07,3.73686e-09,0.000110537,0.000920424,0.000736012,9.65238e-05,2.2856e-05,6.95912e-06,1.46801e-05,7.81984e-06,0.000867419,0.014857,0.0290916,0.0130541,0.000835592,2.7534e-05,2.40578e-06,1.55206e-06,3.66535e-06,0.000177657,0.00123963,0.00149543,0.000554375,0.000224552,1.19541e-06,0,2.29673e-05,0.00231425,0.0166984,0.0242074,0.00711102,0.00242462,0.000324154,1.96953e-06,3.38581e-06,5.10529e-06,0.000672965,0.00166561,0.00149678,0.000646059,9.45661e-05,8.8004e-06,8.05759e-06,7.28514e-05,0.00357111,0.0157509,0.0193776,0.0123282,0.00228804,5.49919e-05,1.45922e-05,1.21554e-05,9.2607e-05,0.000293544,0.00112881,0.00155949,0.000558176,2.18758e-05,6.12441e-06,0,5.80374e-05,0.00092139,0.0066938,0.0217307,0.017734,0.00197158,8.68701e-05,2.91958e-06,2.08448e-07,0.000430024,0.000834138,0.00143331,0.00161102,0.000475209,0.000109063
358.144580499,0.00598664,0.021661,0.0154024,0.00172229,8.44748e-06,1.2814e-07,1.45781e-07,3.73686e-09,0.000102415,0.000638587,0.000552291,6.33007e-05,0,0,0,1.21178e-06,0.000729677,0.0110928,0.0227812,0.0103674,0.000787297,2.52122e-05,0,6.08328e-08,1.39782e-08,0.00016829,0.00120803,0.00121872,8.00249e-05,0,0,0,2.23153e-05,0.00157137,0.0135525,0.0220109,0.00706857,0.00242125,0.000324154,1.65889e-07,1.14726e-07,2.30277e-06,0.000617152,0.00156617,0.00129913,0.000474657,8.20211e-05,0,0,6.64331e-05,0.00340654,0.0151239,0.0187594,0.0118413,0.00226447,5.49919e-05,8.02544e-08,6.94779e-08,9.91491e-06,0.000109969,0.00104349,0.00146291,0.000457303,5.39496e-06,0,0,5.50438e-05,0.000890334,0.00604071,0.0189706,0.0156371,0.00192539,8.04909e-05,5.47316e-08,2.88316e-09,2.98367e-05,0.000126088,0.00111635,0.00159432,0.00040001,2.64669e-05
359.630657596,0.00394265,0.0168596,0.0103239,0.00110874,8.44748e-06,1.2814e-07,1.45781e-07,3.73686e-09,6.67912e-05,0.00048308,0.000394208,6.33007e-05,0,0,0,1.21178e-06,0.000623759,0.00818942,0.0174308,0.00784187,0.000518233,1.55726e-05,0,6.08328e-08,1.39782e-08,9.57366e-05,0.000566606,0.000348141,4.28421e-05,0,0,0,2.23153e-05,0.00135565,0.0112093,0.0163024,0.00445495,0.00102719,0.000112218,1.65889e-07,1.14726e-07,2.30277e-06,0.000208331,0.000579291,0.000470296,0.000174458,1.13103e-05,0,0,6.64331e-05,0.00219129,0.0100824,0.0124635,0.00770695,0.00129044,5.49919e-05,8.02544e-08,6.94779e-08,9.91491e-06,9.62668e-05,0.000523367,0.000614078,0.000135185,5.39496e-06,0,0,5.50438e-05,0.000724186,0.00547364,0.0174174,0.0137904,0.00119015,1.2236e-05,5.47316e-08,2.88316e-09,2.98367e-05,0.000125736,0.000590806,0.000519653,6.27976e-05,3.69266e-06